publication_name,iso_source_abbreviation
LECTURE NOTES IN NETWORKS AND SYSTEMS,LECT NOTES NETWORKS SYST
TECHNOLOGICAL FORECASTING AND SOCIAL CHANGE,TECHNOL FORECAST SOC CHANGE
JOURNAL OF BUSINESS RESEARCH,J BUS RES
EAISPRINGER INNOVATIONS IN COMMUNICATION AND COMPUTING,EAI/SPRINGER INNO COMM COMP
LECTURE NOTES IN NETWORKS AND SYSTEMS,LECT NOTES NETWORKS SYST
LECTURE NOTES IN NETWORKS AND SYSTEMS,LECT NOTES NETWORKS SYST
LECTURE NOTES IN NETWORKS AND SYSTEMS,LECT NOTES NETWORKS SYST
PERTANIKA JOURNAL OF SOCIAL SCIENCES AND HUMANITIES,PERTANIKA J SOC SCI HUMANIT
REVISTA ESPANOLA DE LA TRANSPARENCIA,REV ESP TRANS
FINANCIAL INNOVATION,FINANCIAL INNOV
JOURNAL OF BEHAVIORAL AND EXPERIMENTAL FINANCE,J BEHAV EXP FINANC
TELEMATICS AND INFORMATICS,TELEMATICS INF
TECHNOLOGICAL FORECASTING AND SOCIAL CHANGE,TECHNOL FORECAST SOC CHANGE
IEEE TRANSACTIONS ON ENGINEERING MANAGEMENT,IEEE TRANS ENG MANAGE
FINANCIAL INNOVATION,FINANCIAL INNOV
INTERNATIONAL JOURNAL OF INFORMATION MANAGEMENT,INT J INF MANAGE
RENEWABLE ENERGY,RENEW ENERGY
FINANCIAL INNOVATION,FINANCIAL INNOV
RESEARCH IN INTERNATIONAL BUSINESS AND FINANCE,RES INT BUS FINANC
FINANCIAL INNOVATION,FINANCIAL INNOV
FINANCIAL INNOVATION,FINANCIAL INNOV
RESEARCH IN INTERNATIONAL BUSINESS AND FINANCE,RES INT BUS FINANC
FINANCIAL INNOVATION,FINANCIAL INNOV
FINANCIAL INNOVATION,FINANCIAL INNOV
FINANCIAL INNOVATION,FINANCIAL INNOV
ECONOMIC MODELLING,ECON MODEL
INTERNATIONAL JOURNAL OF PRODUCTION ECONOMICS,INT J PROD ECON
JOURNAL OF DEVELOPMENT ECONOMICS,J DEV ECON
INDUSTRIAL MANAGEMENT AND DATA SYSTEMS,IND MANAGE DATA SYS
REVIEW OF FINANCIAL STUDIES,REV FINANC STUD
INTERNATIONAL JOURNAL OF INFORMATION SYSTEMS IN THE SERVICE SECTOR,INT J INF SYST SERV SECT
INTERNATIONAL REVIEW OF FINANCIAL ANALYSIS,INT REV FINANC ANAL
APPLIED GEOGRAPHY,APPL GEOGR
TECHNOLOGICAL FORECASTING AND SOCIAL CHANGE,TECHNOL FORECAST SOC CHANGE
INTERNATIONAL JOURNAL OF FORECASTING,INT J FORECAST
JOURNAL OF BUSINESS ECONOMICS,J BUS ECON
BRITISH JOURNAL OF MANAGEMENT,BR J MANAGE
SMALL BUSINESS ECONOMICS,SMALL BUS ECON
2021 11TH INTERNATIONAL CONFERENCE ON ADVANCED COMPUTER INFORMATION TECHNOLOGIES ACIT 2021  PROCEEDINGS,"INT CONF ADV COMPUT INF TECHNOL, ACIT - PROC"
CHINA QUARTERLY,CHINA Q
ELECTRONIC COMMERCE RESEARCH AND APPLICATIONS,ELECT COMMER RES APPL
UNIVERSITY OF NEW SOUTH WALES LAW JOURNAL,UNIV NEW SOUTH WALES LAW J
JOURNAL OF OPEN INNOVATION TECHNOLOGY MARKET AND COMPLEXITY,J OPEN INNOV: TECHNOL MARK COMPLEX
EUROPEAN BUSINESS ORGANIZATION LAW REVIEW,EUR BUS ORG LAW REV
MANAGEMENT SCIENCE,MANAGE SCI
EMPIRICAL SOFTWARE ENGINEERING,EMPIR SOFTWARE ENG
ENGINEERING APPLICATIONS OF ARTIFICIAL INTELLIGENCE,ENG APPL ARTIF INTELL
JOURNAL OF EMPIRICAL FINANCE,J EMPIR FINANC
FINANCIAL MANAGEMENT,FINANC MANAGE
MANCHESTER SCHOOL,MANCHESTER SCH
BUSINESS THEORY AND PRACTICE,BUS THEORY PRACT
PROCEEDINGS OF 2021 INTERNATIONAL CONFERENCE ON INFORMATION MANAGEMENT AND TECHNOLOGY ICIMTECH 2021,"PROC INT CONF INF MANAG TECHNOL, ICIMTECH"
PROCEEDINGS OF 2021 INTERNATIONAL CONFERENCE ON INFORMATION MANAGEMENT AND TECHNOLOGY ICIMTECH 2021,"PROC INT CONF INF MANAG TECHNOL, ICIMTECH"
IOP CONFERENCE SERIES EARTH AND ENVIRONMENTAL SCIENCE,IOP CONF SER EARTH ENVIRON SCI
HELIYON,HELIYON
INTERNATIONAL JOURNAL OF FINANCIAL STUDIES,INTERN J FINANCIAL STUD
JISUANJI YANJIU YU FAZHANCOMPUTER RESEARCH AND DEVELOPMENT,JISUANJI YANJIU YU FAZHAN
INTERNATIONAL JOURNAL OF DATA SCIENCE AND ANALYTICS,INT J DATA SCI ANAL
SUSTAINABILITY SWITZERLAND,SUSTAINABILITY
APPLIED SCIENCES SWITZERLAND,APPL SCI
SUSTAINABILITY SWITZERLAND,SUSTAINABILITY
JOURNAL OF THEORETICAL AND APPLIED ELECTRONIC COMMERCE RESEARCH,J THEOR APPL ELECTRON COMMER RES
INTERNATIONAL JOURNAL OF DATA SCIENCE AND ANALYTICS,INT J DATA SCI ANAL
JOURNAL OF THEORETICAL AND APPLIED ELECTRONIC COMMERCE RESEARCH,J THEOR APPL ELECTRON COMMER RES
PROGRESS IN HUMAN GEOGRAPHY,PROG HUM GEOGR
PROGRESS IN HUMAN GEOGRAPHY,PROG HUM GEOGR
SMALL BUSINESS ECONOMICS,SMALL BUS ECON
LEX LOCALIS,LEX LOCALIS
FINTECH ARTIFICIAL INTELLIGENCE AND THE LAW REGULATION AND CRIME PREVENTION,"FINTECH, ARTIF INTELL AND THE LAW: REGUL AND CRIME PREV"
FINTECH ARTIFICIAL INTELLIGENCE AND THE LAW REGULATION AND CRIME PREVENTION,"FINTECH, ARTIF INTELL AND THE LAW: REGUL AND CRIME PREV"
FINTECH ARTIFICIAL INTELLIGENCE AND THE LAW REGULATION AND CRIME PREVENTION,"FINTECH, ARTIF INTELL AND THE LAW: REGUL AND CRIME PREV"
FINTECH ARTIFICIAL INTELLIGENCE AND THE LAW REGULATION AND CRIME PREVENTION,"FINTECH, ARTIF INTELL AND THE LAW: REGUL AND CRIME PREV"
COMPUTER NETWORKS,COMPUT NETWORKS
SUSTAINABILITY SWITZERLAND,SUSTAINABILITY
CHINA AND WORLD ECONOMY,CHINA WORLD ECON
ELECTRONIC COMMERCE RESEARCH AND APPLICATIONS,ELECT COMMER RES APPL
ENVIRONMENTAL SCIENCE AND ECOTECHNOLOGY,ENVIRON SCI ECOTECHNOL
STRATEGIC CHANGE,STRATEG CHANGE
SUSTAINABILITY SWITZERLAND,SUSTAINABILITY
JOURNAL OF INTERNATIONAL FINANCIAL MARKETS INSTITUTIONS AND MONEY,J INT FINANC MARK INST MONEY
JOURNAL OF SOFTWARE EVOLUTION AND PROCESS,J SOFTW EVOL PROCESS
NORTH AMERICAN JOURNAL OF ECONOMICS AND FINANCE,NORTH AM J ECON FINANC
ENERGY POLICY,ENERGY POLICY
INTERNATIONAL REVIEW OF ECONOMICS AND FINANCE,INT REV ECON FINANC
INFORMATION SYSTEMS JOURNAL,INF SYST J
JOURNAL OF COMPUTATIONAL AND APPLIED MATHEMATICS,J COMPUT APPL MATH
FINANCE RESEARCH LETTERS,FINAN RES LETT
ICAICST 2021  2021 INTERNATIONAL CONFERENCE ON ARTIFICIAL INTELLIGENCE AND COMPUTER SCIENCE TECHNOLOGY,ICAICST - INT CONF ARTIF INTELL COMPUT SCI TECHNOL
JOURNAL OF PHYSICS CONFERENCE SERIES,J PHYS CONF SER
IBERIAN CONFERENCE ON INFORMATION SYSTEMS AND TECHNOLOGIES CISTI,"IBERIAN CONF INF SYST TECHNOL, CISTI"
E3S WEB OF CONFERENCES,E3S WEB CONF
THE ROUTLEDGE HANDBOOK OF FINTECH,THE ROUT HANDB OF FINTECH
THE ROUTLEDGE HANDBOOK OF FINTECH,THE ROUT HANDB OF FINTECH
THE ROUTLEDGE HANDBOOK OF FINTECH,THE ROUT HANDB OF FINTECH
THE ROUTLEDGE HANDBOOK OF FINTECH,THE ROUT HANDB OF FINTECH
THE ROUTLEDGE HANDBOOK OF FINTECH,THE ROUT HANDB OF FINTECH
THE ROUTLEDGE HANDBOOK OF FINTECH,THE ROUT HANDB OF FINTECH
THE ROUTLEDGE HANDBOOK OF FINTECH,THE ROUT HANDB OF FINTECH
ELECTRONICS SWITZERLAND,ELECTRONICS (SWITZERLAND)
MIS QUARTERLY MANAGEMENT INFORMATION SYSTEMS,MIS QUART MANAGE INF SYST
ZBORNIK RADOVA EKONOMSKOG FAKULTET AU RIJECI,ZBORNIK RADOVA EKONOMSKOG FAKULTET AU RIJECI
SOCIETY,SOCIETY
SUSTAINABILITY SWITZERLAND,SUSTAINABILITY
JOURNAL OF OPEN INNOVATION TECHNOLOGY MARKET AND COMPLEXITY,J OPEN INNOV: TECHNOL MARK COMPLEX
PACIFIC BASIN FINANCE JOURNAL,PAC BASIN FINANC J
PROGRESS IN HUMAN GEOGRAPHY,PROG HUM GEOGR
GEOFORUM,GEOFORUM
JOURNAL OF CORPORATE FINANCE,J CORP FINANC
JOURNAL OF CORPORATE FINANCE,J CORP FINANC
JOURNAL OF EMPIRICAL FINANCE,J EMPIR FINANC
JOURNAL OF EMPIRICAL FINANCE,J EMPIR FINANC
MICROPROCESSORS AND MICROSYSTEMS,MICROPROCESSORS MICROSYST
JOURNAL OF BUSINESS VENTURING INSIGHTS,J BUS VENTUR INSIGHTS
PROGRESS IN HUMAN GEOGRAPHY,PROG HUM GEOGR
JOURNAL OF CONSUMER AFFAIRS,J CONSUM AFF
SMALL BUSINESS ECONOMICS,SMALL BUS ECON
ACM INTERNATIONAL CONFERENCE PROCEEDING SERIES,ACM INT CONF PROC SER
E3S WEB OF CONFERENCES,E3S WEB CONF
IEEE INTERNATIONAL CONFERENCE ON ELECTRO INFORMATION TECHNOLOGY,IEEE INT CONF ELECTRO INFORM TECHNOL
CONFERENCE ON HUMAN FACTORS IN COMPUTING SYSTEMS  PROCEEDINGS,CONF HUM FACT COMPUT SYST PROC
CONFERENCE ON HUMAN FACTORS IN COMPUTING SYSTEMS  PROCEEDINGS,CONF HUM FACT COMPUT SYST PROC
CONFERENCE ON HUMAN FACTORS IN COMPUTING SYSTEMS  PROCEEDINGS,CONF HUM FACT COMPUT SYST PROC
E3S WEB OF CONFERENCES,E3S WEB CONF
PROCEEDINGS OF THE 2021 IEEE 24TH INTERNATIONAL CONFERENCE ON COMPUTER SUPPORTED COOPERATIVE WORK IN DESIGN CSCWD 2021,"PROC IEEE INT CONF COMPUT SUPPORT COOP WORK DES, CSCWD"
RISKS,RISKS
SUSTAINABILITY SWITZERLAND,SUSTAINABILITY
STRATEGIC CHANGE,STRATEG CHANGE
SUSTAINABILITY SWITZERLAND,SUSTAINABILITY
STRATEGIC CHANGE,STRATEG CHANGE
STRATEGIC CHANGE,STRATEG CHANGE
TELECOMMUNICATIONS POLICY,TELECOMMUN POLICY
TECHNOVATION,TECHNOVATION
TECHNOLOGICAL FORECASTING AND SOCIAL CHANGE,TECHNOL FORECAST SOC CHANGE
TECHNOLOGICAL FORECASTING AND SOCIAL CHANGE,TECHNOL FORECAST SOC CHANGE
TECHNOLOGICAL FORECASTING AND SOCIAL CHANGE,TECHNOL FORECAST SOC CHANGE
EXPERT SYSTEMS WITH APPLICATIONS,EXPERT SYS APPL
2021 IEEE 6TH INTERNATIONAL CONFERENCE ON CLOUD COMPUTING AND BIG DATA ANALYTICS ICCCBDA 2021,"IEEE INT CONF CLOUD COMPUT BIG DATA ANAL, ICCCBDA"
50 YEARS OF CENTRAL BANKING IN KENYA,50 YEARS OF CENTRAL BANK IN KENYA
50 YEARS OF CENTRAL BANKING IN KENYA,50 YEARS OF CENTRAL BANK IN KENYA
2021 IEEE INTERNATIONAL IOT ELECTRONICS AND MECHATRONICS CONFERENCE IEMTRONICS 2021  PROCEEDINGS,"IEEE INT IOT, ELECTRON MECHATRONICS CONF, IEMTRONICS - PROC"
JOURNAL OF ACCOUNTING AND ORGANIZATIONAL CHANGE,J ACCOUNT ORGAN CHANGE
ABAC JOURNAL,ABAC J
HELIYON,HELIYON
ELECTRONICS SWITZERLAND,ELECTRONICS (SWITZERLAND)
JOURNAL OF CORPORATE FINANCE,J CORP FINANC
LAND USE POLICY,LAND USE POLICY
ENVIRONMENTAL SCIENCE AND POLLUTION RESEARCH,ENVIRON SCI POLLUT RES
JOURNAL OF FINANCIAL STABILITY,J FINANC STAB
ISLAMIC FINTECH,ISLAMIC FINTECH
ISLAMIC FINTECH,ISLAMIC FINTECH
ISLAMIC FINTECH,ISLAMIC FINTECH
ISLAMIC FINTECH,ISLAMIC FINTECH
INTERNATIONAL JOURNAL OF LAW AND MANAGEMENT,INT J LAW MANAGE
FINANCIAL AND ECONOMIC SYSTEMS TRANSFORMATIONS AND NEW CHALLENGES,FINANC AND ECON SYS: TRANSFORM AND NEW CHALL
FINANCIAL AND ECONOMIC SYSTEMS TRANSFORMATIONS AND NEW CHALLENGES,FINANC AND ECON SYS: TRANSFORM AND NEW CHALL
FINANCIAL AND ECONOMIC SYSTEMS TRANSFORMATIONS AND NEW CHALLENGES,FINANC AND ECON SYS: TRANSFORM AND NEW CHALL
FINANCIAL AND ECONOMIC SYSTEMS TRANSFORMATIONS AND NEW CHALLENGES,FINANC AND ECON SYS: TRANSFORM AND NEW CHALL
PROCEEDINGS OF 2ND IEEE INTERNATIONAL CONFERENCE ON COMPUTATIONAL INTELLIGENCE AND KNOWLEDGE ECONOMY ICCIKE 2021,"PROC IEEE INT CONF COMPUT INTELL KNOWL ECON, ICCIKE"
PROCEEDING OF THE 2021 9TH INTERNATIONAL ELECTRICAL ENGINEERING CONGRESS IEECON 2021,"PROCEEDING INT ELECTR ENG CONGR, IEECON"
COVID19 AND ISLAMIC SOCIAL FINANCE,COVID-19 AND ISLAMIC SOCIAL FINANCE
COVID19 AND ISLAMIC SOCIAL FINANCE,COVID-19 AND ISLAMIC SOCIAL FINANCE
JOURNAL OF ISLAMIC ACCOUNTING AND BUSINESS RESEARCH,J ISLAMIC ACCOUNT BUS RES
SUSTAINABILITY SWITZERLAND,SUSTAINABILITY
MATHEMATICS,MATHEMATICS
BANKING LAW JOURNAL,BANK LAW J
JOURNAL OF DATA PROTECTION AND PRIVACY,J DATA PROT PRIV
CATO JOURNAL,CATO J
JOURNAL OF PAYMENTS STRATEGY AND SYSTEMS,J PAYM STRATEG SYST
JOURNAL OF PAYMENTS STRATEGY AND SYSTEMS,J PAYM STRATEG SYST
REVIEW OF FINANCE,REV FINANC
SERVICE SCIENCE,SERV SCI
INFORMATION SYSTEMS RESEARCH,INF SYST RES
INFORMATION SYSTEMS RESEARCH,INF SYST RES
JOURNAL OF BRAND STRATEGY,J BRAND STRAT
JOURNAL OF OPEN INNOVATION TECHNOLOGY MARKET AND COMPLEXITY,J OPEN INNOV: TECHNOL MARK COMPLEX
RISKS,RISKS
SENSORS,SENSORS
JOURNAL OF OPEN INNOVATION TECHNOLOGY MARKET AND COMPLEXITY,J OPEN INNOV: TECHNOL MARK COMPLEX
ELECTRONIC COMMERCE RESEARCH AND APPLICATIONS,ELECT COMMER RES APPL
ENERGY RESEARCH AND SOCIAL SCIENCE,ENERGY RES SOC SCI
JOURNAL OF FINANCIAL SERVICES MARKETING,J FINAN SERV MARK
FINANCIAL MARKETS AND PORTFOLIO MANAGEMENT,FINANC MARK PORTF MANAGE
EXPERT SYSTEMS WITH APPLICATIONS,EXPERT SYS APPL
FINANCE RESEARCH LETTERS,FINAN RES LETT
FINANCE RESEARCH LETTERS,FINAN RES LETT
JOURNAL OF BANKING REGULATION,J BANK REGUL
MANAGERIAL FINANCE,MANAG FINANC
PROCEEDINGS OF INTERNATIONAL CONFERENCE ON INNOVATIVE PRACTICES IN TECHNOLOGY AND MANAGEMENT ICIPTM 2021,"PROC INT CONF INNOV PRACT TECHNOL MANAG, ICIPTM"
INVESTMENT MANAGEMENT AND FINANCIAL INNOVATIONS,INVESTM MANANGE FINANC INNOV
JOURNAL OF PROPERTY INVESTMENT AND FINANCE,J PROP INVEST FINAN
MATHEMATICS,MATHEMATICS
SUSTAINABILITY SWITZERLAND,SUSTAINABILITY
SUSTAINABILITY SWITZERLAND,SUSTAINABILITY
ECONOMIC ANNALSXXI,ECO ANNALS
RISTI  REVISTA IBERICA DE SISTEMAS E TECNOLOGIAS DE INFORMACAO,REV IBERICA SIST TECNOL INF
RISKS,RISKS
JOURNAL OF CORPORATE FINANCE,J CORP FINANC
RISKS,RISKS
SUSTAINABILITY SWITZERLAND,SUSTAINABILITY
TECHNOLOGICAL FORECASTING AND SOCIAL CHANGE,TECHNOL FORECAST SOC CHANGE
TECHNOLOGICAL FORECASTING AND SOCIAL CHANGE,TECHNOL FORECAST SOC CHANGE
MULTIDISCIPLINARY SCIENCE AND ADVANCED TECHNOLOGIES,MULTIDISCIPLINARY SCIENCE AND ADVANCED TECHNOLOGIES
JOURNAL OF CLEANER PRODUCTION,J CLEAN PROD
JOURNAL OF FINANCIAL REGULATION AND COMPLIANCE,J FINANC REGUL COMPLIANCE
PROCEEDINGS OF 2ND INTERNATIONAL CONFERENCE ON COMPUTATION AUTOMATION AND KNOWLEDGE MANAGEMENT ICCAKM 2021,"PROC INT CONF COMPUT, AUTOM KNOWL MANAG, ICCAKM"
JOURNAL OF FINANCIAL REGULATION AND COMPLIANCE,J FINANC REGUL COMPLIANCE
INNOVATIONS,INNOVATIONS
ACM INTERNATIONAL CONFERENCE PROCEEDING SERIES,ACM INT CONF PROC SER
BANKS AND BANK SYSTEMS,BANKS BANK SYST
PROCEDIA COMPUTER SCIENCE,PROCEDIA COMPUT SCI
JOURNAL OF SMALL BUSINESS AND ENTERPRISE DEVELOPMENT,J SMALL BUS ENTERP DEV
EUROPEAN COMPETITION JOURNAL,EUR COMPET J
QUALITATIVE RESEARCH IN FINANCIAL MARKETS,QUAL RES FINANC MARKETS
FRACTALS,FRACTALS
COGENT ECONOMICS AND FINANCE,COGENT ECON FINANCE
JOURNAL OF MULTINATIONAL FINANCIAL MANAGEMENT,J MULTINATL FINANC MANAGE
JOURNAL OF CULTURAL ECONOMY,J CULT ECON
JOURNAL OF MONETARY ECONOMICS,J MONET ECON
FINANCE RESEARCH LETTERS,FINAN RES LETT
POTCHEFSTROOM ELECTRONIC LAW JOURNAL,POTCHEFSTROOM ELECTRON LAW J
APPLIED ECONOMICS LETTERS,APPL ECON LETT
FINANCE RESEARCH LETTERS,FINAN RES LETT
EUROPEAN JOURNAL OF INFORMATION SYSTEMS,EUR J INF SYST
INVESTMENT MANAGEMENT AND FINANCIAL INNOVATIONS,INVESTM MANANGE FINANC INNOV
FINANCE RESEARCH LETTERS,FINAN RES LETT
JOURNAL OF APPLIED ACCOUNTING RESEARCH,J APPL ACCOUNT RES
COMMUNICATIONS IN COMPUTER AND INFORMATION SCIENCE,COMMUN COMPUT INFO SCI
EUROPEAN JOURNAL OF RISK REGULATION,EUR J RISK REGUL
JOURNAL OF CULTURAL ECONOMY,J CULT ECON
JOURNAL OF SERVICE MANAGEMENT,J SERV MANAGE
ICASSP IEEE INTERNATIONAL CONFERENCE ON ACOUSTICS SPEECH AND SIGNAL PROCESSING  PROCEEDINGS,ICASSP IEEE INT CONF ACOUST SPEECH SIGNAL PROCESS PROC
IEEE INTERNET OF THINGS JOURNAL,IEEE INTERNET THINGS J
INTERNATIONAL JOURNAL OF BANK MARKETING,INT J BANK MARK
ECONOMIC RESEARCHEKONOMSKA ISTRAZIVANJA ,ECONOMIC RES EKON ISTRAZ
QUALITATIVE RESEARCH IN FINANCIAL MARKETS,QUAL RES FINANC MARKETS
INTERNATIONAL JOURNAL FOR QUALITY RESEARCH,INT J QUAL RES
PROCEEDINGS OF THE INTERNATIONAL CONFERENCE ON INDUSTRIAL ENGINEERING AND OPERATIONS MANAGEMENT,PROC INT CONF IND ENG OPER MANAGE
MATHEMATICS,MATHEMATICS
EMERGING MARKETS REVIEW,EMERG MARK REV
PROCEEDINGS OF THE INTERNATIONAL CONFERENCE ON INDUSTRIAL ENGINEERING AND OPERATIONS MANAGEMENT,PROC INT CONF IND ENG OPER MANAGE
PROCEEDINGS OF THE INTERNATIONAL CONFERENCE ON INDUSTRIAL ENGINEERING AND OPERATIONS MANAGEMENT,PROC INT CONF IND ENG OPER MANAGE
AUSTRALIAN EDUCATIONAL RESEARCHER,AUST EDUC RES
MANAGERIAL AND DECISION ECONOMICS,MANAGE DECIS ECON
GLOBAL BUSINESS REVIEW,GLOBAL BUS REV
INTERNATIONAL JOURNAL OF ORGANIZATIONAL ANALYSIS,INT J ORGAN ANAL
JOURNAL OF MODELLING IN MANAGEMENT,J MODEL MANAGE
INTERNATIONAL JOURNAL OF SERVICES ECONOMICS AND MANAGEMENT,INT J SERV ECON MANAG
JOURNAL OF FINANCIAL SERVICES RESEARCH,J FINANC SERV RES
PUBLIC AND MUNICIPAL FINANCE,PUBLIC MUNIC FINANCE
WORLD SCIENTIFIC SERIES IN FINANCE,WORLD SCI SER FINANC
WORLD SCIENTIFIC SERIES IN FINANCE,WORLD SCI SER FINANC
PROCEDIA COMPUTER SCIENCE,PROCEDIA COMPUT SCI
STUDIES IN COMPUTATIONAL INTELLIGENCE,STUD COMPUT INTELL
STUDIES IN COMPUTATIONAL INTELLIGENCE,STUD COMPUT INTELL
INTERNATIONAL JOURNAL OF MANPOWER,INT J MANPOW
IEEE INTERNET OF THINGS JOURNAL,IEEE INTERNET THINGS J
INTERNATIONAL JOURNAL OF ISLAMIC AND MIDDLE EASTERN FINANCE AND MANAGEMENT,INT J ISLAM MIDDLE EAST FINANC MANAGE
SOFTWARE  PRACTICE AND EXPERIENCE,SOFTWARE PRACT EXPER
STUDIES IN COMPUTATIONAL INTELLIGENCE,STUD COMPUT INTELL
LECTURE NOTES IN COMPUTER SCIENCE INCLUDING SUBSERIES LECTURE NOTES IN ARTIFICIAL INTELLIGENCE AND LECTURE NOTES IN BIOINFORMATICS,LECT NOTES COMPUT SCI
LECTURE NOTES IN NETWORKS AND SYSTEMS,LECT NOTES NETWORKS SYST
COMMUNICATIONS IN COMPUTER AND INFORMATION SCIENCE,COMMUN COMPUT INFO SCI
JOURNAL OF CREATIVE COMMUNICATIONS,J CREAT COMMUN
LECTURE NOTES IN NETWORKS AND SYSTEMS,LECT NOTES NETWORKS SYST
CEUR WORKSHOP PROCEEDINGS,CEUR WORKSHOP PROC
INTERNATIONAL JOURNAL OF MANAGEMENT PRACTICE,INT J MANAGE PRACT
JOURNAL OF SUSTAINABLE FINANCE AND INVESTMENT,JOURNAL OF SUSTAIN FINANCE INVEST
SPRINGER PROCEEDINGS IN COMPLEXITY,SPRINGER PROC COMPLEX
LECTURE NOTES IN NETWORKS AND SYSTEMS,LECT NOTES NETWORKS SYST
INTERNATIONAL JOURNAL OF BUSINESS PERFORMANCE MANAGEMENT,INT J BUS PERFORM MANAGE
BLOCKCHAIN AND SMART CONTRACTS DESIGN THINKING AND PROGRAMMING FOR FINTECH,BLOCKCHAIN AND SMART CONTRACTS: DESIGN THINK AND PROGRAM FOR FINTECH
JOURNAL OF MODELLING IN MANAGEMENT,J MODEL MANAGE
BALKAN SOCIAL SCIENCE REVIEW,BALKAN SOC SCI REV
ESTUDIOS DE ECONOMIA APLICADA,ESTUD ECON APL
AUSTRALIAN JOURNAL OF MANAGEMENT,AUST J MANAGE
UNIVERSITY OF ILLINOIS LAW REVIEW,UNIV ILL LAW REV
NEW POLITICAL ECONOMY,NEW POLIT ECON
ROUTLEDGE HANDBOOK OF FINANCIAL TECHNOLOGY AND LAW,ROUTLEDGE HANDB OF FINANCIAL TECHNOLOGY AND LAW
ROUTLEDGE HANDBOOK OF FINANCIAL TECHNOLOGY AND LAW,ROUTLEDGE HANDB OF FINANCIAL TECHNOLOGY AND LAW
ROUTLEDGE HANDBOOK OF FINANCIAL TECHNOLOGY AND LAW,ROUTLEDGE HANDB OF FINANCIAL TECHNOLOGY AND LAW
ROUTLEDGE HANDBOOK OF FINANCIAL TECHNOLOGY AND LAW,ROUTLEDGE HANDB OF FINANCIAL TECHNOLOGY AND LAW
ROUTLEDGE HANDBOOK OF FINANCIAL TECHNOLOGY AND LAW,ROUTLEDGE HANDB OF FINANCIAL TECHNOLOGY AND LAW
ROUTLEDGE HANDBOOK OF FINANCIAL TECHNOLOGY AND LAW,ROUTLEDGE HANDB OF FINANCIAL TECHNOLOGY AND LAW
TECHNOLOGY ANALYSIS AND STRATEGIC MANAGEMENT,TECHNOL ANAL STRATEG MANAGE
JOURNAL OF FINANCIAL AND QUANTITATIVE ANALYSIS,J FINANC QUANT ANAL
ROUTLEDGE HANDBOOK OF FINANCIAL TECHNOLOGY AND LAW,ROUTLEDGE HANDB OF FINANCIAL TECHNOLOGY AND LAW
ASIAN ACADEMY OF MANAGEMENT JOURNAL OF ACCOUNTING AND FINANCE,ASIAN ACAD MANAGE J ACCOUNT FINANC
EUROPEAN JOURNAL OF FINANCE,EUR J FINANC
JOURNAL OF INTERNATIONAL STUDIES,J INTL STUD
JOURNAL OF ECONOMIC DYNAMICS AND CONTROL,J ECON DYN CONTROL
PALGRAVE STUDIES IN DEMOCRACY INNOVATION AND ENTREPRENEURSHIP FOR GROWTH,PALGRAVE STUD DEM INNOV ENTREP
PALGRAVE STUDIES IN DEMOCRACY INNOVATION AND ENTREPRENEURSHIP FOR GROWTH,PALGRAVE STUD DEM INNOV ENTREP
PALGRAVE STUDIES IN DEMOCRACY INNOVATION AND ENTREPRENEURSHIP FOR GROWTH,PALGRAVE STUD DEM INNOV ENTREP
PALGRAVE STUDIES IN DEMOCRACY INNOVATION AND ENTREPRENEURSHIP FOR GROWTH,PALGRAVE STUD DEM INNOV ENTREP
PALGRAVE STUDIES IN DEMOCRACY INNOVATION AND ENTREPRENEURSHIP FOR GROWTH,PALGRAVE STUD DEM INNOV ENTREP
PALGRAVE STUDIES IN DEMOCRACY INNOVATION AND ENTREPRENEURSHIP FOR GROWTH,PALGRAVE STUD DEM INNOV ENTREP
IOWA LAW REVIEW,IOWA LAW REV
PALGRAVE STUDIES IN DEMOCRACY INNOVATION AND ENTREPRENEURSHIP FOR GROWTH,PALGRAVE STUD DEM INNOV ENTREP
AREA,AREA
E A M EKONOMIE A MANAGEMENT,E M EKON MANAGE
FORESIGHT,FORESIGHT
JOURNAL OF FINANCIAL ECONOMICS,J FINANC ECON
INQUIRY UNITED STATES,INQUIRY
AI AND SOCIETY,AI SOC
EUROPEAN BUSINESS LAW REVIEW,EUR BUS LAW REV
INTERNATIONAL JOURNAL OF TECHNOLOGY MANAGEMENT,INT J TECHNOL MANAGE
FINANCE RESEARCH LETTERS,FINAN RES LETT
WIRELESS COMMUNICATIONS AND MOBILE COMPUTING,WIRELESS COMMUN MOBILE COMPUT
JOURNAL OF FINANCIAL REGULATION AND COMPLIANCE,J FINANC REGUL COMPLIANCE
JOURNAL OF FINANCIAL ECONOMICS,J FINANC ECON
PROCEEDINGS OF THE ANNUAL HAWAII INTERNATIONAL CONFERENCE ON SYSTEM SCIENCES,PROC ANNU HAWAII INT CONF SYST SCI
ELECTRONIC COMMERCE RESEARCH,ELECTRON COMMER RES
INTERNATIONAL JOURNAL OF ELECTRONIC FINANCE,INT J ELECTRON FINANCE
GERMAN LAW JOURNAL,GERMAN LAW J
JOURNAL OF MONETARY ECONOMICS,J MONET ECON
BIG DATA AND SOCIETY,BIG DATA SOC
JOURNAL OF FINANCIAL AND QUANTITATIVE ANALYSIS,J FINANC QUANT ANAL
APPLIED ECONOMICS LETTERS,APPL ECON LETT
ENTERPRISE INFORMATION SYSTEMS,ENTERP INF SYST
MEASURING BUSINESS EXCELLENCE,MEASURING BUS EXCELLENCE
COGENT ECONOMICS AND FINANCE,COGENT ECON FINANCE
EUROPEAN COMPETITION JOURNAL,EUR COMPET J
ADVANCES IN INTELLIGENT SYSTEMS AND COMPUTING,ADV INTELL SYS COMPUT
FINANCE RESEARCH LETTERS,FINAN RES LETT
STUDIES IN COMPUTATIONAL INTELLIGENCE,STUD COMPUT INTELL
FINANCE RESEARCH LETTERS,FINAN RES LETT
KASETSART JOURNAL OF SOCIAL SCIENCES,KASETSART J SOC SCI
STUDIES IN ECONOMICS AND FINANCE,STUD ECON FINANC
ACADEMY OF ACCOUNTING AND FINANCIAL STUDIES JOURNAL,ACAD ACCOUNT FINANC STUD J
SPRINGERBRIEFS IN COMPUTER SCIENCE,SPRINGERBRIEFS COMP SCI
BUSINESS PROCESS MANAGEMENT JOURNAL,BUS PROCESS MANAGE J
JOURNAL OF DEVELOPMENT STUDIES,J DEV STUD
INTERNATIONAL JOURNAL OF KNOWLEDGE AND LEARNING,INT J KNOWL LEARN
STRATEGIC DIRECTION,STRATEG DIR
EMERGING MARKETS FINANCE AND TRADE,EMERG MARK FINANC TRADE
ADVANCES IN INTELLIGENT SYSTEMS AND COMPUTING,ADV INTELL SYS COMPUT
IEEE INTERNET OF THINGS JOURNAL,IEEE INTERNET THINGS J
SMALL BUSINESS ECONOMICS,SMALL BUS ECON
JOURNAL OF COMPUTER INFORMATION SYSTEMS,J COMPUT INF SYST
LECTURE NOTES IN NETWORKS AND SYSTEMS,LECT NOTES NETWORKS SYST
JOURNAL OF SUSTAINABLE FINANCE AND INVESTMENT,JOURNAL OF SUSTAIN FINANCE INVEST
APPLIED ECONOMICS,APPL ECON
INFORMATION SWITZERLAND,INFORMATION
COMPUTATIONAL ECONOMICS,COMPUT ECON
LECTURE NOTES IN COMPUTER SCIENCE INCLUDING SUBSERIES LECTURE NOTES IN ARTIFICIAL INTELLIGENCE AND LECTURE NOTES IN BIOINFORMATICS,LECT NOTES COMPUT SCI
LAW AND CONTEMPORARY PROBLEMS,LAW CONTEMP PROBL
LECTURE NOTES IN NETWORKS AND SYSTEMS,LECT NOTES NETWORKS SYST
LECTURE NOTES IN NETWORKS AND SYSTEMS,LECT NOTES NETWORKS SYST
LECTURE NOTES IN NETWORKS AND SYSTEMS,LECT NOTES NETWORKS SYST
LECTURE NOTES IN NETWORKS AND SYSTEMS,LECT NOTES NETWORKS SYST
QUALITATIVE RESEARCH IN FINANCIAL MARKETS,QUAL RES FINANC MARKETS
COMPUTER SCIENCE AND INFORMATION SYSTEMS,COMP SCI INFO SYS
JOURNAL OF SYSTEMS SCIENCE AND INFORMATION,J SYST SCI INF
FINANCE RESEARCH LETTERS,FINAN RES LETT
NEW POLITICAL ECONOMY,NEW POLIT ECON
NEURAL COMPUTING AND APPLICATIONS,NEURAL COMPUT APPL
CEUR WORKSHOP PROCEEDINGS,CEUR WORKSHOP PROC
INTERNATIONAL SYMPOSIA IN ECONOMIC THEORY AND ECONOMETRICS,INT SYMP ECON ECONOM THEORY ECONOM
INTERNATIONAL CONFERENCE ON INFORMATION SYSTEMS ICIS 2020  MAKING DIGITAL INCLUSIVE BLENDING THE LOCAL AND THE GLOBAL,"INT CONF INF SYST, ICIS - MAK DIGIT INCL: BLENDING LOCAL GLOB"
INTERNATIONAL CONFERENCE ON INFORMATION SYSTEMS ICIS 2020  MAKING DIGITAL INCLUSIVE BLENDING THE LOCAL AND THE GLOBAL,"INT CONF INF SYST, ICIS - MAK DIGIT INCL: BLENDING LOCAL GLOB"
INTERNATIONAL CONFERENCE ON INFORMATION SYSTEMS ICIS 2020  MAKING DIGITAL INCLUSIVE BLENDING THE LOCAL AND THE GLOBAL,"INT CONF INF SYST, ICIS - MAK DIGIT INCL: BLENDING LOCAL GLOB"
ECONOMY AND SOCIETY,ECON SOC
WORLD ECONOMY AND INTERNATIONAL RELATIONS,WORLD ECONOMY INT RELAT
BRAZILIAN BUSINESS REVIEW,BRAZILIAN BUS REV
JOURNAL OF ECONOMIC STUDIES,J ECON STUD
JOURNAL OF OPEN INNOVATION TECHNOLOGY MARKET AND COMPLEXITY,J OPEN INNOV: TECHNOL MARK COMPLEX
INTERNATIONAL JOURNAL OF CENTRAL BANKING,INT J CENT BANK
IEEE INTERNET OF THINGS JOURNAL,IEEE INTERNET THINGS J
INFORMATION SYSTEMS JOURNAL,INF SYST J
IEEE ACCESS,IEEE ACCESS
LECTURE NOTES IN COMPUTER SCIENCE INCLUDING SUBSERIES LECTURE NOTES IN ARTIFICIAL INTELLIGENCE AND LECTURE NOTES IN BIOINFORMATICS,LECT NOTES COMPUT SCI
PUBLIC ADMINISTRATION,PUBLIC ADM
IEEE INTERNET OF THINGS JOURNAL,IEEE INTERNET THINGS J
EUROPEAN BUSINESS LAW REVIEW,EUR BUS LAW REV
STUDIES IN SYSTEMS DECISION AND CONTROL,STUD SYST DECIS CONTROL
FORESIGHT,FORESIGHT
INTERNATIONAL JOURNAL OF INTELLECTUAL PROPERTY MANAGEMENT,INT J INTELLECT PROP MANAGE
STUDIES IN COMPUTATIONAL INTELLIGENCE,STUD COMPUT INTELL
STUDIES IN COMPUTATIONAL INTELLIGENCE,STUD COMPUT INTELL
STUDIES IN COMPUTATIONAL INTELLIGENCE,STUD COMPUT INTELL
LECTURE NOTES IN MECHANICAL ENGINEERING,LECT NOTES MECH ENG
INTERNATIONAL JOURNAL OF ECONOMICS AND BUSINESS RESEARCH,INT J ECONOMICS BUSINESS RESEARCH
INTERNATIONAL JOURNAL OF DISCLOSURE AND GOVERNANCE,INT J DISCL GOV
JOURNAL OF ASIA BUSINESS STUDIES,J ASIA BUS STUD
INFORMATION DISCOVERY AND DELIVERY,INFORMATION DISCOV DELIV
JOURNAL OF ENTERPRISING COMMUNITIES,J ENTERPRISING COMMUNITIES
JOURNAL OF GENDER STUDIES,J GENDER STUD
ISLAMIC LAW AND SOCIETY,ISLAMIC LAW SOC
INVESTMENT ANALYSTS JOURNAL,INVESTM ANALYSTS J
INTERNATIONAL JOURNAL OF BUSINESS INNOVATION AND RESEARCH,INT J BUS INNOV RES
INTERNATIONAL JOURNAL OF FINANCE AND ECONOMICS,INT J FINANC ECON
APPLIED ECONOMIC PERSPECTIVES AND POLICY,APPL ECON PERSPECT POLICY
ASIA PACIFIC BUSINESS REVIEW,ASIA PAC BUS REV
REVIEW OF MANAGERIAL SCIENCE,REV MANAGE SCI
JOURNAL OF OPEN INNOVATION TECHNOLOGY MARKET AND COMPLEXITY,J OPEN INNOV: TECHNOL MARK COMPLEX
INTERNATIONAL JOURNAL OF FINANCE AND ECONOMICS,INT J FINANC ECON
JOURNAL OF THE ASSOCIATION FOR INFORMATION SYSTEMS,J ASSOC INF SYST
ECONOMICS OF INNOVATION AND NEW TECHNOLOGY,ECON INNOV NEW TECHNOL
REVISTA BRASILEIRA DE MARKETING,REV BRAS MARK
APPLIED ECONOMICS,APPL ECON
INTERNATIONAL JOURNAL OF BUSINESS INTELLIGENCE RESEARCH,INT J BUS INTELL RES
ADVANCES IN INTELLIGENT SYSTEMS AND COMPUTING,ADV INTELL SYS COMPUT
LECTURE NOTES IN NETWORKS AND SYSTEMS,LECT NOTES NETWORKS SYST
EUROPEAN JOURNAL OF FINANCE,EUR J FINANC
ADVANCES IN INFORMATION SECURITY,ADVANCES IN INFORMATION SECURITY
INFORMATION TECHNOLOGY FOR DEVELOPMENT,INF TECHNOL DEV
ADVANCES IN INTELLIGENT SYSTEMS AND COMPUTING,ADV INTELL SYS COMPUT
ADVANCES IN INTELLIGENT SYSTEMS AND COMPUTING,ADV INTELL SYS COMPUT
ADVANCES IN INTELLIGENT SYSTEMS AND COMPUTING,ADV INTELL SYS COMPUT
RESEARCH IN INTERNATIONAL BUSINESS AND FINANCE,RES INT BUS FINANC
INTERNATIONAL JOURNAL OF ECOLLABORATION,INT J E-COLLAB
ACCOUNTING,ACCOUNT
LECTURE NOTES IN ELECTRICAL ENGINEERING,LECT NOTES ELECTR ENG
TECHNOLOGICAL FORECASTING AND SOCIAL CHANGE,TECHNOL FORECAST SOC CHANGE
ADVANCES IN INTELLIGENT SYSTEMS AND COMPUTING,ADV INTELL SYS COMPUT
ADVANCES IN INTELLIGENT SYSTEMS AND COMPUTING,ADV INTELL SYS COMPUT
DYNAMICS OF ASYMMETRIC CONFLICT PATHWAYS TOWARD TERRORISM AND GENOCIDE,DYN ASYMMETRIC CONFL PATHWAYS TOWARD TERRORISM AND GENOCIDE
EUROPEAN JOURNAL OF FINANCE,EUR J FINANC
EUROPEAN JOURNAL OF FINANCE,EUR J FINANC
JOURNAL OF SMALL BUSINESS AND ENTREPRENEURSHIP,J SMALL BUS ENTREP
EUROPEAN JOURNAL OF FINANCE,EUR J FINANC
NEW POLITICAL ECONOMY,NEW POLIT ECON
DARK SIDE OF DIGITAL ORGANIZATION,DARK SIDE OF DIGIT ORGAN
E3S WEB OF CONFERENCES,E3S WEB CONF
2020 INTERNATIONAL CONFERENCE ON INNOVATION AND INTELLIGENCE FOR INFORMATICS COMPUTING AND TECHNOLOGIES 3ICT 2020,"INT CONF INNOV INTELL INFORMATICS, COMPUT TECHNOL, 3ICT"
2020 8TH INTERNATIONAL CONFERENCE ON ORANGE TECHNOLOGY ICOT 2020,"INT CONF ORANGE TECHNOL, ICOT"
STRATEGIC DIRECTION,STRATEG DIR
E3S WEB OF CONFERENCES,E3S WEB CONF
PROCEEDINGS  2020 IEEE INTERNATIONAL CONFERENCE ON BIG DATA BIG DATA 2020,"PROC - IEEE INT CONF BIG DATA, BIG DATA"
ICAC 2020  2ND INTERNATIONAL CONFERENCE ON ADVANCEMENTS IN COMPUTING PROCEEDINGS,"ICAC - INT CONF ADV COMPUT, PROC"
2020 3RD INTERNATIONAL SEMINAR ON RESEARCH OF INFORMATION TECHNOLOGY AND INTELLIGENT SYSTEMS ISRITI 2020,"INT SEMIN RES INF TECHNOL INTELL SYST, ISRITI"
MANAGEMENT DECISION,MANAGE DECIS
MANAGEMENT DECISION,MANAGE DECIS
SUSTAINABILITY SWITZERLAND,SUSTAINABILITY
JOURNAL OF PAYMENTS STRATEGY AND SYSTEMS,J PAYM STRATEG SYST
JOURNAL OF PAYMENTS STRATEGY AND SYSTEMS,J PAYM STRATEG SYST
JOURNAL OF PAYMENTS STRATEGY AND SYSTEMS,J PAYM STRATEG SYST
JOURNAL OF PAYMENTS STRATEGY AND SYSTEMS,J PAYM STRATEG SYST
EUROPEAN BUSINESS LAW REVIEW,EUR BUS LAW REV
INFORMATION SWITZERLAND,INFORMATION
SUSTAINABILITY SWITZERLAND,SUSTAINABILITY
JOURNAL OF CORPORATE FINANCE,J CORP FINANC
ACCOUNTING PERSPECTIVES,ACCOUNT PERSP
FINANCIAL INNOVATION,FINANCIAL INNOV
JOURNAL OF OPEN INNOVATION TECHNOLOGY MARKET AND COMPLEXITY,J OPEN INNOV: TECHNOL MARK COMPLEX
INFORMATION AND MANAGEMENT,INF MANAGE
GEOFORUM,GEOFORUM
TECHNOLOGICAL FORECASTING AND SOCIAL CHANGE,TECHNOL FORECAST SOC CHANGE
EMERGING MARKETS REVIEW,EMERG MARK REV
RESEARCH IN INTERNATIONAL BUSINESS AND FINANCE,RES INT BUS FINANC
TECHNOVATION,TECHNOVATION
FRONTIERS OF BUSINESS RESEARCH IN CHINA,FRONT BUS RES CHINA
WIRELESS PERSONAL COMMUNICATIONS,WIRELESS PERS COMMUN
PACIFIC ECONOMIC REVIEW,PAC ECON REV
SINGAPORE ECONOMIC REVIEW,SINGAP ECON REV
JOURNAL OF BRAND STRATEGY,J BRAND STRAT
JOURNAL OF PAYMENTS STRATEGY AND SYSTEMS,J PAYM STRATEG SYST
JOURNAL OF BANKING REGULATION,J BANK REGUL
JOURNAL OF PHYSICS CONFERENCE SERIES,J PHYS CONF SER
13TH CMI CONFERENCE ON CYBERSECURITY AND PRIVACY  DIGITAL TRANSFORMATION  POTENTIALS AND CHALLENGES CMI 2020,"CMI CONF CYBERSECUR PRIV - DIGIT TRANSFORM - POTENTIALS CHALLENGES, CMI"
SCIENTIFIC PAPERS OF THE UNIVERSITY OF PARDUBICE SERIES D FACULTY OF ECONOMICS AND ADMINISTRATION,SCI PAP UNIV PARDUBICE SER D FAC ECON ADM
BEYOND FINTECH TECHNOLOGY APPLICATIONS FOR THE ISLAMIC ECONOMY,BEYOND FINTECH: TECHNOLOGY APPLICATIONS FOR THE ISLAMIC ECONOMY
ACM INTERNATIONAL CONFERENCE PROCEEDING SERIES,ACM INT CONF PROC SER
ACM INTERNATIONAL CONFERENCE PROCEEDING SERIES,ACM INT CONF PROC SER
ACM INTERNATIONAL CONFERENCE PROCEEDING SERIES,ACM INT CONF PROC SER
PROCEEDINGS  2020 15TH INTERNATIONAL JOINT SYMPOSIUM ON ARTIFICIAL INTELLIGENCE AND NATURAL LANGUAGE PROCESSING ISAINLP 2020,"PROC - INT JT SYMP ARTIF INTELL NAT LANG PROCESS, ISAI-NLP"
INTERNATIONAL SYMPOSIUM ON TECHNOLOGY AND SOCIETY PROCEEDINGS,INT SYMP TECHNOL SOC
ICETA 2020  18TH IEEE INTERNATIONAL CONFERENCE ON EMERGING ELEARNING TECHNOLOGIES AND APPLICATIONS PROCEEDINGS,"ICETA - IEEE INT CONF EMERG ELEARNING TECHNOL APPL, PROC"
PROCEEDINGS OF THE 15TH IEEE CONFERENCE ON INDUSTRIAL ELECTRONICS AND APPLICATIONS ICIEA 2020,"PROC IEEE CONF IND ELECTRON APPL, ICIEA"
2020 INTERNATIONAL CONFERENCE ON DECISION AID SCIENCES AND APPLICATION DASA 2020,"INT CONF DECIS AID SCI APPL, DASA"
2020 INTERNATIONAL CONFERENCE ON DECISION AID SCIENCES AND APPLICATION DASA 2020,"INT CONF DECIS AID SCI APPL, DASA"
ESECFSE 2020  PROCEEDINGS OF THE 28TH ACM JOINT MEETING EUROPEAN SOFTWARE ENGINEERING CONFERENCE AND SYMPOSIUM ON THE FOUNDATIONS OF SOFTWARE ENGINEERING,ESEC/FSE - PROC ACM JT MEET EUR SOFTW ENG CONF SYMP FOUND SOFTW ENG
ACM INTERNATIONAL CONFERENCE PROCEEDING SERIES,ACM INT CONF PROC SER
PROCEEDINGS  2020 IEEE 13TH INTERNATIONAL CONFERENCE ON SERVICES COMPUTING SCC 2020,"PROC - IEEE INT CONF SERV COMPUT, SCC"
PROCEEDINGS  INTERNATIONAL CONFERENCE ON TOOLS WITH ARTIFICIAL INTELLIGENCE ICTAI,PROC INT CONF TOOLS ARTIF INTELL ICTAI
HARVARD BUSINESS REVIEW,HARV BUS REV
SUSTAINABILITY SWITZERLAND,SUSTAINABILITY
INTERNATIONAL REVIEW OF FINANCIAL ANALYSIS,INT REV FINANC ANAL
JOURNAL OF ACCOUNTING AND ECONOMICS,J ACCOUNT ECON
JOURNAL OF ACCOUNTING AND ECONOMICS,J ACCOUNT ECON
TECHNOLOGICAL FORECASTING AND SOCIAL CHANGE,TECHNOL FORECAST SOC CHANGE
FUTURE GENERATION COMPUTER SYSTEMS,FUTURE GENER COMPUT SYST
JOURNAL OF ECONOMICS AND BUSINESS,J ECON BUS
ENVIRONMENT AND PLANNING A,ENVIRON PLANN A
ENVIRONMENT AND PLANNING A,ENVIRON PLANN A
ENERGY RESEARCH AND SOCIAL SCIENCE,ENERGY RES SOC SCI
IEEE TRANSACTIONS ON ENGINEERING MANAGEMENT,IEEE TRANS ENG MANAGE
ENVIRONMENT AND PLANNING A,ENVIRON PLANN A
ENVIRONMENT AND PLANNING A,ENVIRON PLANN A
2020 INTERNATIONAL CONFERENCE ON DATA ANALYTICS FOR BUSINESS AND INDUSTRY WAY TOWARDS A SUSTAINABLE ECONOMY ICDABI 2020,"INT CONF DATA ANAL BUS IND: WAY TOWARDS SUSTAIN ECON, ICDABI"
2020 INTERNATIONAL CONFERENCE ON DATA ANALYTICS FOR BUSINESS AND INDUSTRY WAY TOWARDS A SUSTAINABLE ECONOMY ICDABI 2020,"INT CONF DATA ANAL BUS IND: WAY TOWARDS SUSTAIN ECON, ICDABI"
QUALITATIVE RESEARCH IN FINANCIAL MARKETS,QUAL RES FINANC MARKETS
ACM INTERNATIONAL CONFERENCE PROCEEDING SERIES,ACM INT CONF PROC SER
2020 INTERNATIONAL SYMPOSIUM ON NETWORKS COMPUTERS AND COMMUNICATIONS ISNCC 2020,"INT SYMP NETWORKS, COMPUT COMMUN, ISNCC"
6TH INTERNATIONAL CONFERENCE ON COMPUTING ENGINEERING AND DESIGN ICCED 2020,"INT CONF COMPUT, ENG, DES, ICCED"
PROCEEDING  1ST INTERNATIONAL CONFERENCE ON INFORMATION TECHNOLOGY ADVANCED MECHANICAL AND ELECTRICAL ENGINEERING ICITAMEE 2020,"PROCEEDING - INT CONF INF TECHNOL, ADV MECH ELECTR ENG, ICITAMEE"
ANNUAL REVIEW OF LAW AND SOCIAL SCIENCE,ANNU REV LAW SOC SCI
PROCEEDINGS OF BHTC 2020  1ST IEEE BANGALORE HUMANITARIAN TECHNOLOGY CONFERENCE,PROC B-HTC - IEEE BANGALORE HUMANIT TECHNOL CONF
TRANSNATIONAL MARKETING JOURNAL,TRANSNATL MARK J
INTERNATIONAL JOURNAL OF ASIAN BUSINESS AND INFORMATION MANAGEMENT,INT J ASIAN BUS INF MANAG
CAPITAL MARKETS LAW JOURNAL,CAP MARK LAW J
ACADEMY OF ACCOUNTING AND FINANCIAL STUDIES JOURNAL,ACAD ACCOUNT FINANC STUD J
PROCEEDINGS  2020 IEEE 7TH INTERNATIONAL CONFERENCE ON DATA SCIENCE AND ADVANCED ANALYTICS DSAA 2020,"PROC - IEEE INT CONF DATA SCI ADV ANAL, DSAA"
INTERNATIONAL JOURNAL OF FINANCIAL RESEARCH,INT J FINANCIAL RES
INTERNATIONAL JOURNAL OF CRIMINOLOGY AND SOCIOLOGY,INT J CRIMINOL SOCIOL
INFORMATION SWITZERLAND,INFORMATION
SUSTAINABILITY SWITZERLAND,SUSTAINABILITY
SUSTAINABILITY SWITZERLAND,SUSTAINABILITY
AMERICAN BEHAVIORAL SCIENTIST,AM BEHAV SCI
JOURNAL OF ECONOMIC BEHAVIOR AND ORGANIZATION,J ECON BEHAV ORGAN
PACIFIC BASIN FINANCE JOURNAL,PAC BASIN FINANC J
INTERNATIONAL REVIEW OF FINANCIAL ANALYSIS,INT REV FINANC ANAL
MANAGERIAL FINANCE,MANAG FINANC
CHINA FINANCE REVIEW INTERNATIONAL,CHINA FINANCE REV INT
JOURNAL OF FINANCIAL REGULATION,J FINANC REGUL
DIGITAL POLICY REGULATION AND GOVERNANCE ,DIGIT POLI REGUL GOVERN
JOURNAL OF POVERTY,J POVER
ACM INTERNATIONAL CONFERENCE PROCEEDING SERIES,ACM INT CONF PROC SER
2020 3RD INTERNATIONAL CONFERENCE ON COMPUTER AND INFORMATICS ENGINEERING IC2IE 2020,"INT CONF COMPUT INFORMATICS ENG, IC2IE"
ACM INTERNATIONAL CONFERENCE PROCEEDING SERIES,ACM INT CONF PROC SER
INDUSTRIAL MANAGEMENT AND DATA SYSTEMS,IND MANAGE DATA SYS
IRANIAN JOURNAL OF MANAGEMENT STUDIES,IRAN J MANAG STUD
2020 2ND CONFERENCE ON BLOCKCHAIN RESEARCH AND APPLICATIONS FOR INNOVATIVE NETWORKS AND SERVICES BRAINS 2020,"CONF BLOCKCHAIN RES APPL INNOV NETWORKS SERV, BRAINS"
EUROPEAN JOURNAL OF RISK REGULATION,EUR J RISK REGUL
TOWARDS THE DIGITAL WORLD AND INDUSTRY X0  PROCEEDINGS OF THE 29TH INTERNATIONAL CONFERENCE OF THE INTERNATIONAL ASSOCIATION FOR MANAGEMENT OF TECHNOLOGY IAMOT 2020,"TOWARDS DIGIT WORLD IND X0 - PROC INT CONF INT ASSOC MANAG TECHNOL, IAMOT"
SUSTAINABILITY SWITZERLAND,SUSTAINABILITY
JOURNAL OF BEHAVIORAL AND EXPERIMENTAL FINANCE,J BEHAV EXP FINANC
MACROECONOMICS AND FINANCE IN EMERGING MARKET ECONOMIES,MACROECONOMICS FINANC EMERG MARK ECON
VISION,VISION
INTERNATIONAL REVIEW OF LAW COMPUTERS AND TECHNOLOGY,INT REV LAW COMPUT TECHNOL
MANAGERIAL FINANCE,MANAG FINANC
ACM INTERNATIONAL CONFERENCE PROCEEDING SERIES,ACM INT CONF PROC SER
INTERNATIONAL JOURNAL OF BANK MARKETING,INT J BANK MARK
ENTREPRENEURSHIP AND REGIONAL DEVELOPMENT,ENTREP REG DEV
BANKS AND BANK SYSTEMS,BANKS BANK SYST
PROCEEDINGS  2020 INTERNATIONAL CONFERENCE ON BIG DATA AND SOCIAL SCIENCES ICBDSS 2020,"PROC - INT CONF BIG DATA SOC SCI, ICBDSS"
EUROPEAN BUSINESS LAW REVIEW,EUR BUS LAW REV
PROCEEDINGS OF 2020 INTERNATIONAL CONFERENCE ON INFORMATION MANAGEMENT AND TECHNOLOGY ICIMTECH 2020,"PROC INT CONF INF MANAG TECHNOL, ICIMTECH"
PROCEEDINGS OF 2020 INTERNATIONAL CONFERENCE ON INFORMATION MANAGEMENT AND TECHNOLOGY ICIMTECH 2020,"PROC INT CONF INF MANAG TECHNOL, ICIMTECH"
PROCEEDINGS OF 2020 INTERNATIONAL CONFERENCE ON INFORMATION MANAGEMENT AND TECHNOLOGY ICIMTECH 2020,"PROC INT CONF INF MANAG TECHNOL, ICIMTECH"
THAILAND AND THE WORLD ECONOMY,THAIL WORLD ECON
INTERNATIONAL JOURNAL OF INNOVATION AND TECHNOLOGY MANAGEMENT,INT J INNOV TECHNOL MANAGE
JOURNAL OF INFORMATION PROCESSING SYSTEMS,J INF PROCESS SYST
CHAOS,CHAOS
XITONG GONGCHENG LILUN YU SHIJIANSYSTEM ENGINEERING THEORY AND PRACTICE,XITONG GONGCHENG LILUM YU SHIJIAN
INFORMATION SWITZERLAND,INFORMATION
JOURNAL OF BEHAVIORAL AND EXPERIMENTAL ECONOMICS ,J BEHAVE EXP ECON
STRATEGIC DIRECTION,STRATEG DIR
ACM INTERNATIONAL CONFERENCE PROCEEDING SERIES,ACM INT CONF PROC SER
DIS 2020 COMPANION  COMPANION PUBLICATION OF THE 2020 ACM DESIGNING INTERACTIVE SYSTEMS CONFERENCE,DIS COMPANION - COMPANION PUBL ACM DES INTERACT SYST CONF
FORESIGHT,FORESIGHT
INTERNATIONAL JOURNAL OF PUBLIC ADMINISTRATION IN THE DIGITAL AGE,INTL J PUBLIC ADMIN DIGIT AGE
AGROALIMENTARIA,AGROALIMENTARIA
JOURNAL OF INTERNATIONAL FINANCIAL MARKETS INSTITUTIONS AND MONEY,J INT FINANC MARK INST MONEY
ELECTRONIC COMMERCE RESEARCH AND APPLICATIONS,ELECT COMMER RES APPL
BUSINESS ECONOMICS,BUS ECON
JOURNAL OF FINANCIAL INTERMEDIATION,J FINANC INTERMEDIATION
JOURNAL OF BANKING AND FINANCE,J BANK FINANC
GLOBAL JURIST,GLOBAL JURIST
FINANCE RESEARCH LETTERS,FINAN RES LETT
ECONOMIC NOTES,ECON NOTES
BRITISH ACCOUNTING REVIEW,BR ACCOUNT REV
BUSINESS THEORY AND PRACTICE,BUS THEORY PRACT
INTERNET RESEARCH,INTERNET RES
ACM INTERNATIONAL CONFERENCE PROCEEDING SERIES,ACM INT CONF PROC SER
JOURNAL OF PROPERTY INVESTMENT AND FINANCE,J PROP INVEST FINAN
DIGITAL POLICY REGULATION AND GOVERNANCE ,DIGIT POLI REGUL GOVERN
ICRITO 2020  IEEE 8TH INTERNATIONAL CONFERENCE ON RELIABILITY INFOCOM TECHNOLOGIES AND OPTIMIZATION TRENDS AND FUTURE DIRECTIONS,"ICRITO - IEEE INT CONF RELIAB, INFOCOM TECHNOL OPTIM (TRENDS FUTURE DIRECTIONS)"
ASIAN JOURNAL OF LAW AND SOCIETY,ASIAN J LAW SOC
ASIAN JOURNAL OF LAW AND SOCIETY,ASIAN J LAW SOC
ASIAN JOURNAL OF LAW AND SOCIETY,ASIAN J LAW SOC
2020 8TH INTERNATIONAL CONFERENCE ON INFORMATION AND COMMUNICATION TECHNOLOGY ICOICT 2020,"INT CONF INF COMMUN TECHNOL, ICOICT"
JOURNAL OF PAYMENTS STRATEGY AND SYSTEMS,J PAYM STRATEG SYST
TECHNOLOGY INNOVATION MANAGEMENT REVIEW,TECHNOLOG INNOV MANAG REV
TECHNOLOGY INNOVATION MANAGEMENT REVIEW,TECHNOLOG INNOV MANAG REV
BIG DATA AND COGNITIVE COMPUTING,BIG DATA COGN COMPUTING
2020 9TH MEDITERRANEAN CONFERENCE ON EMBEDDED COMPUTING MECO 2020,MEDITERR CONF EMBED COMPUT MECO
JOURNAL OF PAYMENTS STRATEGY AND SYSTEMS,J PAYM STRATEG SYST
FORENSIC SCIENCE INTERNATIONAL DIGITAL INVESTIGATION,FOR SCI INT: DIG INVESTIGATION
MATHEMATICS,MATHEMATICS
JOURNAL OF OPEN INNOVATION TECHNOLOGY MARKET AND COMPLEXITY,J OPEN INNOV: TECHNOL MARK COMPLEX
SUSTAINABILITY SWITZERLAND,SUSTAINABILITY
MAASTRICHT JOURNAL OF EUROPEAN AND COMPARATIVE LAW,MAASTRICHT J EURCOMP LAW
ASIAPACIFIC JOURNAL OF FINANCIAL STUDIES,ASIA-PAC J FINANC STUD
TECHNOLOGICAL FORECASTING AND SOCIAL CHANGE,TECHNOL FORECAST SOC CHANGE
PACIFIC BASIN FINANCE JOURNAL,PAC BASIN FINANC J
EUROPEAN BUSINESS ORGANIZATION LAW REVIEW,EUR BUS ORG LAW REV
JOURNAL OF OPERATIONS MANAGEMENT,J OPER MANAGE
JOURNAL OF BUSINESS VENTURING INSIGHTS,J BUS VENTUR INSIGHTS
EUROPEAN BUSINESS ORGANIZATION LAW REVIEW,EUR BUS ORG LAW REV
CHINESE MANAGEMENT STUDIES,CHIN MANAGE STUD
INTERNATIONAL MARKETING REVIEW,INT MARK REV
IOP CONFERENCE SERIES MATERIALS SCIENCE AND ENGINEERING,IOP CONF SER MATER SCI ENG
ACM INTERNATIONAL CONFERENCE PROCEEDING SERIES,ACM INT CONF PROC SER
INTERNATIONAL JOURNAL OF ADVANCED SCIENCE AND TECHNOLOGY,INT J ADV SCI TECHNOL
EUROPEAN BUSINESS LAW REVIEW,EUR BUS LAW REV
JOURNAL OF CENTRAL BANKING THEORY AND PRACTICE,J CENT BANK THEORY PRACT
PROCEEDINGS  2020 IEEE 6TH INTL CONFERENCE ON BIG DATA SECURITY ON CLOUD BIGDATASECURITY 2020 2020 IEEE INTL CONFERENCE ON HIGH PERFORMANCE AND SMART COMPUTING HPSC 2020 AND 2020 IEEE INTL CONFERENCE ON INTELLIGENT DATA AND SECURITY IDS 2020,"PROC - IEEE INTL CONF BIG DATA SECUR CLOUD, BIGDATASECURITY, IEEE INTL CONF HIGH PERFORM SMART COMPUT, HPSC IEEE INTL CONF INTELL DATA SECUR, IDS"
PROCEEDINGS  2020 IEEE 11TH INTERNATIONAL CONFERENCE ON DEPENDABLE SYSTEMS SERVICES AND TECHNOLOGIES DESSERT 2020,"PROC - IEEE INT CONF DEPENDABLE SYST, SERV TECHNOL, DESSERT"
IEEE INTELLIGENT SYSTEMS,IEEE INTELL SYST
2020 IEEE 3RD INTERNATIONAL CONFERENCE ON ELECTRONICS TECHNOLOGY ICET 2020,"IEEE INT CONF ELECTRON TECHNOL, ICET"
INTERNATIONAL JOURNAL OF MANAGEMENT,INT J MANAG
JOURNAL OF ASSET MANAGEMENT,J ASSET MANAGE
STRATEGIC CHANGE,STRATEG CHANGE
JOURNAL OF ECONOMIC BEHAVIOR AND ORGANIZATION,J ECON BEHAV ORGAN
COMPUTERS AND SECURITY,COMPUT SECUR
ADDICTION,ADDICTION
JOURNAL OF FINANCIAL REGULATION AND COMPLIANCE,J FINANC REGUL COMPLIANCE
FINANCE RESEARCH LETTERS,FINAN RES LETT
NEURAL COMPUTING AND APPLICATIONS,NEURAL COMPUT APPL
FINTECH REGULATION EXPLORING NEW CHALLENGES OF THE CAPITAL MARKETS UNION,FINTECH REGUL: EXPLOR NEW CHALL OF THE CAP MARK UNION
E3S WEB OF CONFERENCES,E3S WEB CONF
E3S WEB OF CONFERENCES,E3S WEB CONF
JOURNAL OF SERVICE THEORY AND PRACTICE,JOURNAL OF SERVICE THEORY AND PRACTICE
ICPE 2020  COMPANION OF THE ACMSPEC INTERNATIONAL CONFERENCE ON PERFORMANCE ENGINEERING,ICPE - COMPANION ACM/SPEC INT CONF PERFORM ENG
NEW POLITICAL ECONOMY,NEW POLIT ECON
INTERNATIONAL JOURNAL OF ADVANCED SCIENCE AND TECHNOLOGY,INT J ADV SCI TECHNOL
INTERNATIONAL JOURNAL OF ADVANCED SCIENCE AND TECHNOLOGY,INT J ADV SCI TECHNOL
INTERNATIONAL JOURNAL OF EBUSINESS RESEARCH,INT J E-BUS RES
FRONTIERS OF INFORMATION TECHNOLOGY AND ELECTRONIC ENGINEERING,FRONT INF TECHNOL ELECTR ENG
JOURNAL OF BUSINESS ECONOMICS,J BUS ECON
EUROPEAN JOURNAL OF FINANCE,EUR J FINANC
JOURNAL OF FINANCIAL REGULATION,J FINANC REGUL
QUANTITATIVE FINANCE,QUANT FINANC
2020 6TH INTERNATIONAL CONFERENCE ON SIGNAL PROCESSING AND COMMUNICATION ICSC 2020,"INT CONF SIGNAL PROCESS COMMUN, ICSC"
UNIVERSITY OF PENNSYLVANIA LAW REVIEW,UNIV PA LAW REV
JOURNAL OF INDEX INVESTING,J INDEX INVEST
PROCEEDINGS OF THE 7TH INTERNATIONAL CONFERENCE ON COMPUTING FOR SUSTAINABLE GLOBAL DEVELOPMENT INDIACOM 2020,"PROC INT CONF COMPUT SUSTAIN GLOB DEV, INDIACOM"
IEEE INTELLIGENT SYSTEMS,IEEE INTELL SYST
INTERNATIONAL JOURNAL OF SCIENTIFIC AND TECHNOLOGY RESEARCH,INT J SCI TECHNOL RES
INTERNATIONAL JOURNAL OF SCIENTIFIC AND TECHNOLOGY RESEARCH,INT J SCI TECHNOL RES
EUROPEAN BUSINESS ORGANIZATION LAW REVIEW,EUR BUS ORG LAW REV
JOURNAL OF INFORMATION AND KNOWLEDGE MANAGEMENT,J INF KNOWL MANAGE
ENTREPRENEURSHIP AND SUSTAINABILITY ISSUES,ENTREP SUSTAIN ISSUES
IIC INTERNATIONAL REVIEW OF INTELLECTUAL PROPERTY AND COMPETITION LAW,IIC INT REV INTELLECT PROP COMPET LAW
IEEE INTELLIGENT SYSTEMS,IEEE INTELL SYST
EUROPEAN BUSINESS ORGANIZATION LAW REVIEW,EUR BUS ORG LAW REV
ELECTRONIC COMMERCE RESEARCH AND APPLICATIONS,ELECT COMMER RES APPL
ELECTRONIC COMMERCE RESEARCH AND APPLICATIONS,ELECT COMMER RES APPL
ELECTRONIC COMMERCE RESEARCH AND APPLICATIONS,ELECT COMMER RES APPL
JOURNAL OF BEHAVIORAL AND EXPERIMENTAL FINANCE,J BEHAV EXP FINANC
JOURNAL OF BEHAVIORAL AND EXPERIMENTAL FINANCE,J BEHAV EXP FINANC
JOURNAL OF INDUSTRIAL AND BUSINESS ECONOMICS,J IND BUS ECON
JOURNAL OF BANKING REGULATION,J BANK REGUL
STUDIES IN ECONOMICS AND FINANCE,STUD ECON FINANC
PRODUCTION PLANNING AND CONTROL,PROD PLANN CONTROL
BULETIN EKONOMI MONETER DAN PERBANKAN,BUL EKON MONET PERBANK
AFRICAN JOURNAL OF ECONOMIC AND MANAGEMENT STUDIES,AFR J ECON MANAG STUD
JOURNAL OF FINANCIAL CRIME,J FINANC CRIME
JOURNAL OF SCIENTIFIC AND INDUSTRIAL RESEARCH,J SCI IND RES
INDO  TAIWAN 2ND INTERNATIONAL CONFERENCE ON COMPUTING ANALYTICS AND NETWORKS INDOTAIWAN ICAN 2020  PROCEEDINGS,"INDO - TAIWAN INT CONF COMPUT, ANALYT NETWORKS, INDO-TAIWAN ICAN - PROC"
2020 ADVANCES IN SCIENCE AND ENGINEERING TECHNOLOGY INTERNATIONAL CONFERENCES ASET 2020,"ADV SCI ENG TECHNOL INT CONF, ASET"
INTERNATIONAL CONFERENCE ON ADVANCED COMMUNICATION TECHNOLOGY ICACT,INT CONF ADV COMMUN TECHNOL ICACT
XITONG GONGCHENG LILUN YU SHIJIANSYSTEM ENGINEERING THEORY AND PRACTICE,XITONG GONGCHENG LILUM YU SHIJIAN
SUSTAINABILITY SWITZERLAND,SUSTAINABILITY
INTERNATIONAL JOURNAL OF PSYCHOSOCIAL REHABILITATION,INT J PSYCHOSOC REHAB
MATHEMATICS,MATHEMATICS
INTERNATIONAL JOURNAL OF SCIENTIFIC AND TECHNOLOGY RESEARCH,INT J SCI TECHNOL RES
INTERNATIONAL JOURNAL OF SCIENTIFIC AND TECHNOLOGY RESEARCH,INT J SCI TECHNOL RES
INTERNATIONAL JOURNAL OF SCIENTIFIC AND TECHNOLOGY RESEARCH,INT J SCI TECHNOL RES
QUALITY  ACCESS TO SUCCESS,QUAL ACCESS SUCCESS
TECHNOLOGICAL FORECASTING AND SOCIAL CHANGE,TECHNOL FORECAST SOC CHANGE
EXPERT SYSTEMS WITH APPLICATIONS,EXPERT SYS APPL
CORPORATE GOVERNANCE BINGLEY,CORP GOV
QUALITATIVE RESEARCH IN FINANCIAL MARKETS,QUAL RES FINANC MARKETS
BUSINESS THEORY AND PRACTICE,BUS THEORY PRACT
PROCEEDINGS OF THE INTERNATIONAL CONFERENCE ON IT COMMUNICATION AND TECHNOLOGY FOR BETTER LIFE ICT4BL 2019,"PROC INT CONF IT, COMMUN TECHNOL BETTER LIFE, ICT4BL"
JOURNAL OF COMPUTING AND INFORMATION TECHNOLOGY,J COMPT INF TECHNOL
IFACPAPERSONLINE,IFAC-PAPERSONLINE
IC3K 2020  PROCEEDINGS OF THE 12TH INTERNATIONAL JOINT CONFERENCE ON KNOWLEDGE DISCOVERY KNOWLEDGE ENGINEERING AND KNOWLEDGE MANAGEMENT,"IC3K - PROC INT JT CONF KNOWL DISCOV, KNOWL ENG KNOWL MANAG"
ADVANCES IN AFRICAN ECONOMIC SOCIAL AND POLITICAL DEVELOPMENT,ADV AFR ECON SOC POLIT DEV
INTERNATIONAL CONFERENCE ON INFORMATION SYSTEMS ICIS 2020  MAKING DIGITAL INCLUSIVE BLENDING THE LOCAL AND THE GLOBAL,"INT CONF INF SYST, ICIS - MAK DIGIT INCL: BLENDING LOCAL GLOB"
INTERNATIONAL CONFERENCE ON INFORMATION SYSTEMS ICIS 2020  MAKING DIGITAL INCLUSIVE BLENDING THE LOCAL AND THE GLOBAL,"INT CONF INF SYST, ICIS - MAK DIGIT INCL: BLENDING LOCAL GLOB"
IEEE ACCESS,IEEE ACCESS
FORUM SCIENTIAE OECONOMIA,FORUM SCIENTIAE OECONOMIA
BANK I KREDYT,BANK I KREDYT
ESTUDIOS DE ECONOMIA APLICADA,ESTUD ECON APL
BANKING ON A REVOLUTION WHY FINANCIAL TECHNOLOGY WONT SAVE A BROKEN SYSTEM,BANK ON A REVOLUTION: WHY FINANCIAL TECHNOLOGY WON'T SAVE A BROKEN SYSTEM
PROCEEDINGS OF THE 15TH INTERNATIONAL CONFERENCE ON BUSINESS INFORMATION SYSTEMS 2020 DEVELOPMENTS OPPORTUNITIES AND CHALLENGES OF DIGITIZATION WIRTSCHAFTSINFORMATIK 2020,"PROC INT CONF BUS INF SYST ""DEV, OPPOR CHALLENGES DIGIT"", WIRTSCHAFTSINFORMATIK"
JOURNAL OF SCIENCE AND TECHNOLOGY POLICY MANAGEMENT,J SCI TECHNOL POLICY MANAGE
JOURNAL OF ECONOMIC COOPERATION AND DEVELOPMENT,J ECON COOP DEV
JOURNAL OF KING ABDULAZIZ UNIVERSITY ISLAMIC ECONOMICS,J KING ABDULAZIZ UNIV ISLAM ECON
JOURNAL OF SERVICE THEORY AND PRACTICE,JOURNAL OF SERVICE THEORY AND PRACTICE
JOURNAL OF SCIENCE AND TECHNOLOGY POLICY MANAGEMENT,J SCI TECHNOL POLICY MANAGE
PROCEDIA COMPUTER SCIENCE,PROCEDIA COMPUT SCI
RESEARCH FOR RURAL DEVELOPMENT,RES RURAL DEV
INTERNATIONAL MULTIDISCIPLINARY SCIENTIFIC GEOCONFERENCE SURVEYING GEOLOGY AND MINING ECOLOGY MANAGEMENT SGEM,"INT MULTIDISCIPLINARY SCI GEOCONF SURVEYING GEOLOGY MINING ECOLOGY MANAGE, SGEM"
LIBRARY PHILOSOPHY AND PRACTICE,LIBR PHILOS PRACT
COMPLEXITY,COMPLEXITY
JOURNAL OF PAYMENTS STRATEGY AND SYSTEMS,J PAYM STRATEG SYST
JOURNAL OF PAYMENTS STRATEGY AND SYSTEMS,J PAYM STRATEG SYST
IFIP ADVANCES IN INFORMATION AND COMMUNICATION TECHNOLOGY,IFIP ADVANCES IN INFORMATION AND COMMUNICATION TECHNOLOGY
ACADEMY OF STRATEGIC MANAGEMENT JOURNAL,ACAD STRATEG MANAGE J
COMPLEXITY,COMPLEXITY
IFIP ADVANCES IN INFORMATION AND COMMUNICATION TECHNOLOGY,IFIP ADVANCES IN INFORMATION AND COMMUNICATION TECHNOLOGY
IFIP ADVANCES IN INFORMATION AND COMMUNICATION TECHNOLOGY,IFIP ADVANCES IN INFORMATION AND COMMUNICATION TECHNOLOGY
INTERNATIONAL JOURNAL OF MANAGERIAL FINANCE,INT J MANAGE FINAN
MANAGERIAL FINANCE,MANAG FINANC
INTERNATIONAL JOURNAL OF BUSINESS INNOVATION AND RESEARCH,INT J BUS INNOV RES
ANNALS OF OPERATIONS RESEARCH,ANN OPER RES
26TH AMERICAS CONFERENCE ON INFORMATION SYSTEMS AMCIS 2020,"AM CONF INF SYST, AMCIS"
26TH AMERICAS CONFERENCE ON INFORMATION SYSTEMS AMCIS 2020,"AM CONF INF SYST, AMCIS"
LECTURE NOTES IN BUSINESS INFORMATION PROCESSING,LECT NOTES BUS INF PROCESS
LECTURE NOTES IN BUSINESS INFORMATION PROCESSING,LECT NOTES BUS INF PROCESS
INTERNATIONAL JOURNAL OF ISLAMIC AND MIDDLE EASTERN FINANCE AND MANAGEMENT,INT J ISLAM MIDDLE EAST FINANC MANAGE
PROCEEDINGS OF THE EUROPEAN CONFERENCE ON INNOVATION AND ENTREPRENEURSHIP ECIE,"PROC EUR CONF INNOV ENTREPREN, ECIE"
PROCEEDINGS OF THE EUROPEAN CONFERENCE ON INNOVATION AND ENTREPRENEURSHIP ECIE,"PROC EUR CONF INNOV ENTREPREN, ECIE"
WORLD REVIEW OF ENTREPRENEURSHIP MANAGEMENT AND SUSTAINABLE DEVELOPMENT,WORLD REV ENTREP MANAGE SUSTAINABLE DEV
JOURNAL OF ASIAN FINANCE ECONOMICS AND BUSINESS,J ASIAN FINANC ECON BUS
JOURNAL OF MANAGEMENT INFORMATION SYSTEMS,J MANAGE INF SYST
COMMUNICATIONS IN COMPUTER AND INFORMATION SCIENCE,COMMUN COMPUT INFO SCI
FORESIGHT AND STI GOVERNANCE,FORESIGHT STI GOV
INFORMATION TECHNOLOGY AND PEOPLE,INF TECHNOL PEOPLE
INTERNATIONAL JOURNAL OF TECHNOLOGY,INT J TECHNOL
ENTREPRENEURSHIP THEORY AND PRACTICE,ENTREP THEORY PRACT
HOUSING POLICY DEBATE,HOUS POLICY DEBATE
PUBLIC FINANCE QUARTERLY,PUBL FIN QUAR
INFORMATION AND MANAGEMENT,INF MANAGE
FOUNDATIONS OF MANAGEMENT,FOUND MANAG
INFORMATION SYSTEMS FRONTIERS,INF SYST FRONT
FOUNDATIONS AND TRENDS IN TECHNOLOGY INFORMATION AND OPERATIONS MANAGEMENT,FOUND TRENDS TECHNOL INF OPER MANAGE
LECTURE NOTES IN COMPUTER SCIENCE INCLUDING SUBSERIES LECTURE NOTES IN ARTIFICIAL INTELLIGENCE AND LECTURE NOTES IN BIOINFORMATICS,LECT NOTES COMPUT SCI
SCIENCE AND INNOVATION,SCI INNO
JOURNAL OF SYSTEM AND MANAGEMENT SCIENCES,J SYST MANAG SCI
INTERNATIONAL POLITICAL ECONOMY SERIES,INT POLIIT ECON SER
ENTREPRENEURSHIP THEORY AND PRACTICE,ENTREP THEORY PRACT
CEUR WORKSHOP PROCEEDINGS,CEUR WORKSHOP PROC
INTERDISCIPLINARY JOURNAL OF INFORMATION KNOWLEDGE AND MANAGEMENT,INTERDISCIP J INF KNOWL MANAGE
LECTURE NOTES IN COMPUTER SCIENCE INCLUDING SUBSERIES LECTURE NOTES IN ARTIFICIAL INTELLIGENCE AND LECTURE NOTES IN BIOINFORMATICS,LECT NOTES COMPUT SCI
INTERNATIONAL JOURNAL OF FINANCE AND ECONOMICS,INT J FINANC ECON
EUROPEAN COMPETITION JOURNAL,EUR COMPET J
JOURNAL OF ASIAN FINANCE ECONOMICS AND BUSINESS,J ASIAN FINANC ECON BUS
REVIEW OF CONTEMPORARY PHILOSOPHY,REV CONTEMP PHILOS
THE TECHNOLOGICAL REVOLUTION IN FINANCIAL SERVICES HOW BANKS FINTECHS AND CUSTOMERS WIN TOGETHER,"THE TECHNOLOGICAL REVOLUTION IN FINANCIAL SERVICES: HOW BANKS, FINTECHS, AND CUSTOMERS WIN TOGETHER"
THE TECHNOLOGICAL REVOLUTION IN FINANCIAL SERVICES HOW BANKS FINTECHS AND CUSTOMERS WIN TOGETHER,"THE TECHNOLOGICAL REVOLUTION IN FINANCIAL SERVICES: HOW BANKS, FINTECHS, AND CUSTOMERS WIN TOGETHER"
ACADEMY OF ENTREPRENEURSHIP JOURNAL,ACAD ENTREP J
CEUR WORKSHOP PROCEEDINGS,CEUR WORKSHOP PROC
ASIA POLICY,ASIA POLICY
JOURNAL OF ASIAN FINANCE ECONOMICS AND BUSINESS,J ASIAN FINANC ECON BUS
TRANSITION STUDIES REVIEW,TRANSIT STUD REV
JOURNAL OF CRITICAL REVIEWS,J CRIT REV
IEEE ACCESS,IEEE ACCESS
PERSPECTIVES IN LAW BUSINESS AND INNOVATION,PERSPECT LAW BUS INNOV
PERSPECTIVES IN LAW BUSINESS AND INNOVATION,PERSPECT LAW BUS INNOV
PERSPECTIVES IN LAW BUSINESS AND INNOVATION,PERSPECT LAW BUS INNOV
PERSPECTIVES IN LAW BUSINESS AND INNOVATION,PERSPECT LAW BUS INNOV
PERSPECTIVES IN LAW BUSINESS AND INNOVATION,PERSPECT LAW BUS INNOV
PERSPECTIVES IN LAW BUSINESS AND INNOVATION,PERSPECT LAW BUS INNOV
PERSPECTIVES IN LAW BUSINESS AND INNOVATION,PERSPECT LAW BUS INNOV
PERSPECTIVES IN LAW BUSINESS AND INNOVATION,PERSPECT LAW BUS INNOV
PERSPECTIVES IN LAW BUSINESS AND INNOVATION,PERSPECT LAW BUS INNOV
PERSPECTIVES IN LAW BUSINESS AND INNOVATION,PERSPECT LAW BUS INNOV
LECTURE NOTES IN NETWORKS AND SYSTEMS,LECT NOTES NETWORKS SYST
PALGRAVE STUDIES IN SUSTAINABLE BUSINESS IN ASSOCIATION WITH FUTURE EARTH,PALGRAVE STUD SUSTAIN BUS ASSOC FUTURE EARTH
COMMUNICATIONS IN COMPUTER AND INFORMATION SCIENCE,COMMUN COMPUT INFO SCI
FINANCE RESEARCH LETTERS,FINAN RES LETT
JOURNAL OF ASIAN FINANCE ECONOMICS AND BUSINESS,J ASIAN FINANC ECON BUS
PROCEEDINGS OF THE 24TH PACIFIC ASIA CONFERENCE ON INFORMATION SYSTEMS INFORMATION SYSTEMS IS FOR THE FUTURE PACIS 2020,"PROC PAC ASIA CONF INF SYST: INF SYST (IS) FUTURE, PACIS"
PROCEEDINGS OF THE 24TH PACIFIC ASIA CONFERENCE ON INFORMATION SYSTEMS INFORMATION SYSTEMS IS FOR THE FUTURE PACIS 2020,"PROC PAC ASIA CONF INF SYST: INF SYST (IS) FUTURE, PACIS"
MOVING FROM THE MILLENNIUM TO THE SUSTAINABLE DEVELOPMENT GOALS LESSONS AND RECOMMENDATIONS,MOV FROM THE MILLENNIUM TO THE SUSTAINABLE DEVELOPMENT GOALS: LESSONS AND RECOMMENDATIONS
PERIODICALS OF ENGINEERING AND NATURAL SCIENCES,PERIOD ENG NAT SCI
ADVANCES IN INTELLIGENT SYSTEMS AND COMPUTING,ADV INTELL SYS COMPUT
LECTURE NOTES IN COMPUTER SCIENCE INCLUDING SUBSERIES LECTURE NOTES IN ARTIFICIAL INTELLIGENCE AND LECTURE NOTES IN BIOINFORMATICS,LECT NOTES COMPUT SCI
ADVANCES IN INTELLIGENT SYSTEMS AND COMPUTING,ADV INTELL SYS COMPUT
BUSINESS THEORY AND PRACTICE,BUS THEORY PRACT
MAKING MONEY THE HISTORY AND FUTURE OF SOCIETYS MOST IMPORTANT TECHNOLOGY,MAKING MONEY: THE HISTORY AND FUTURE OF SOCIETY'S MOST IMPORTANT TECHNOLOGY
EUROPEAN JOURNAL OF FINANCE,EUR J FINANC
EJOURNAL OF TAX RESEARCH,EJOURNAL TAX RES
JOURNAL OF FINANCIAL COUNSELING AND PLANNING,J FINANC COUNS PLANN
JOURNAL OF FINANCIAL COUNSELING AND PLANNING,J FINANC COUNS PLANN
COGENT BUSINESS AND MANAGEMENT,COGENT BUS MANAG
JOURNAL OF FINANCIAL COUNSELING AND PLANNING,J FINANC COUNS PLANN
JOURNAL OF ENTERPRISE INFORMATION MANAGEMENT,J ENTERP INF MANAGE
JOURNAL OF CRITICAL REVIEWS,J CRIT REV
SINGAPORE JOURNAL OF LEGAL STUDIES,SINGAP J LEG STUD
COMMUNICATIONS IN COMPUTER AND INFORMATION SCIENCE,COMMUN COMPUT INFO SCI
EUROPEAN JOURNAL OF FINANCE,EUR J FINANC
REVIEW OF INTERNATIONAL POLITICAL ECONOMY,REV INT POLIT ECON
SMALL BUSINESS ECONOMICS,SMALL BUS ECON
AFRICAN JOURNAL OF SCIENCE TECHNOLOGY INNOVATION AND DEVELOPMENT,AFR J SCI TECHNOL INNOV DEV
LECTURE NOTES IN NETWORKS AND SYSTEMS,LECT NOTES NETWORKS SYST
IFIP ADVANCES IN INFORMATION AND COMMUNICATION TECHNOLOGY,IFIP ADVANCES IN INFORMATION AND COMMUNICATION TECHNOLOGY
LECTURE NOTES IN NETWORKS AND SYSTEMS,LECT NOTES NETWORKS SYST
STUDIES IN SYSTEMS DECISION AND CONTROL,STUD SYST DECIS CONTROL
JOURNAL OF THEORETICAL AND APPLIED ELECTRONIC COMMERCE RESEARCH,J THEOR APPL ELECTRON COMMER RES
JOURNAL OF SYSTEM AND MANAGEMENT SCIENCES,J SYST MANAG SCI
ADVANCES IN INTELLIGENT SYSTEMS AND COMPUTING,ADV INTELL SYS COMPUT
ADVANCES IN INTELLIGENT SYSTEMS AND COMPUTING,ADV INTELL SYS COMPUT
INTERNATIONAL JOURNAL OF ECONOMICS AND BUSINESS ADMINISTRATION,INT J ECON BUS ADM
INTERNATIONAL JOURNAL ON EMERGING TECHNOLOGIES,INT J EMERG TECHNOL
INTERNATIONAL JOURNAL OF INNOVATION CREATIVITY AND CHANGE,INT J INNOV CREAT CHANGE
INTERNATIONAL JOURNAL OF INNOVATION CREATIVITY AND CHANGE,INT J INNOV CREAT CHANGE
LECTURE NOTES IN COMPUTER SCIENCE INCLUDING SUBSERIES LECTURE NOTES IN ARTIFICIAL INTELLIGENCE AND LECTURE NOTES IN BIOINFORMATICS,LECT NOTES COMPUT SCI
LECTURE NOTES IN COMPUTER SCIENCE INCLUDING SUBSERIES LECTURE NOTES IN ARTIFICIAL INTELLIGENCE AND LECTURE NOTES IN BIOINFORMATICS,LECT NOTES COMPUT SCI
INTERNATIONAL JOURNAL OF ADVANCED TRENDS IN COMPUTER SCIENCE AND ENGINEERING,INT J ADV TRENDS COMPUT SCI ENG
INTERNATIONAL JOURNAL OF WIRELESS AND MOBILE COMPUTING,INT J WIRELESS MOBILE COMPUT
INTERNATIONAL JOURNAL OF ECONOMICS AND BUSINESS ADMINISTRATION,INT J ECON BUS ADM
WSEAS TRANSACTIONS ON BUSINESS AND ECONOMICS,WSEAS TRANS BUSI ECON
INTERNATIONAL JOURNAL OF ECONOMICS AND BUSINESS ADMINISTRATION,INT J ECON BUS ADM
JOURNAL OF PHYSICS CONFERENCE SERIES,J PHYS CONF SER
PROCEEDINGS OF INTERNATIONAL CONFERENCE ON COMPUTATION AUTOMATION AND KNOWLEDGE MANAGEMENT ICCAKM 2020,"PROC INT CONF COMPUT, AUTOM KNOWL MANAG, ICCAKM"
LECTURE NOTES ON DATA ENGINEERING AND COMMUNICATIONS TECHNOLOGIES,LECTURE NOTES DATA ENG COMMUN TECH
INTERNATIONAL JOURNAL OF ADVANCED SCIENCE AND TECHNOLOGY,INT J ADV SCI TECHNOL
INTERNATIONAL JOURNAL OF BUSINESS AND SYSTEMS RESEARCH,INT J BUS SYST RES
ADVANCES IN INTELLIGENT SYSTEMS AND COMPUTING,ADV INTELL SYS COMPUT
JOURNAL OF ADVANCED RESEARCH IN DYNAMICAL AND CONTROL SYSTEMS,J ADV RES DYN CONTROL SYST
JOURNAL OF CRITICAL REVIEWS,J CRIT REV
ADVANCES IN INTELLIGENT SYSTEMS AND COMPUTING,ADV INTELL SYS COMPUT
IEEE ACCESS,IEEE ACCESS
EUROPEAN BUSINESS LAW REVIEW,EUR BUS LAW REV
EUROPEAN BUSINESS LAW REVIEW,EUR BUS LAW REV
LECTURE NOTES OF THE INSTITUTE FOR COMPUTER SCIENCES SOCIALINFORMATICS AND TELECOMMUNICATIONS ENGINEERING LNICST,LECT NOTES INST COMPUT SCI SOC INFORMATICS TELECOMMUN ENG
LECTURE NOTES IN BUSINESS INFORMATION PROCESSING,LECT NOTES BUS INF PROCESS
LECTURE NOTES IN INFORMATION SYSTEMS AND ORGANISATION,LECT NOTES INF SYS ORGAN
CHINA AND WORLD ECONOMY,CHINA WORLD ECON
CHINA AND WORLD ECONOMY,CHINA WORLD ECON
COGENT BUSINESS AND MANAGEMENT,COGENT BUS MANAG
SAGE OPEN,SAGE OPEN
GLOBAL BUSINESS REVIEW,GLOBAL BUS REV
INTERNATIONAL JOURNAL OF SCIENTIFIC AND TECHNOLOGY RESEARCH,INT J SCI TECHNOL RES
INTERNATIONAL JOURNAL OF SCIENTIFIC AND TECHNOLOGY RESEARCH,INT J SCI TECHNOL RES
ELECTRONIC COMMERCE RESEARCH,ELECTRON COMMER RES
FORUM FOR SOCIAL ECONOMICS,FORUM SOC ECON
FINANCE RESEARCH LETTERS,FINAN RES LETT
ADVANCES IN INTELLIGENT SYSTEMS AND COMPUTING,ADV INTELL SYS COMPUT
ADVANCES IN INTELLIGENT SYSTEMS AND COMPUTING,ADV INTELL SYS COMPUT
ENGINEERING APPLICATIONS OF ARTIFICIAL INTELLIGENCE,ENG APPL ARTIF INTELL
JOURNAL OF FINANCIAL INTERMEDIATION,J FINANC INTERMEDIATION
SMART INNOVATION SYSTEMS AND TECHNOLOGIES,SMART INNOV SYST TECHNOL
ADVANCES IN INTELLIGENT SYSTEMS AND COMPUTING,ADV INTELL SYS COMPUT
REVISTA CHILENA DE DERECHO Y TECNOLOGIA,REV CHIL DERECHO TECNOL
REVISTA CHILENA DE DERECHO Y TECNOLOGIA,REV CHIL DERECHO TECNOL
FORBES,FORBES
JOURNAL OF PHYSICS CONFERENCE SERIES,J PHYS CONF SER
EUROPEAN PLANNING STUDIES,EUR PLANN STUD
UNIFORM LAW REVIEW,UNIF LAW REV
PROCEEDINGS  18TH IEEE INTERNATIONAL CONFERENCE ON MACHINE LEARNING AND APPLICATIONS ICMLA 2019,"PROC - IEEE INT CONF MACH LEARN APPL, ICMLA"
SUSTAINABILITY SWITZERLAND,SUSTAINABILITY
FINANCIAL INNOVATION,FINANCIAL INNOV
POLITICS AND SOCIETY,POLIT SOC
FINANCIAL MANAGEMENT,FINANC MANAGE
FINANCIAL MANAGEMENT,FINANC MANAGE
2019 IEEE GLOBAL COMMUNICATIONS CONFERENCE GLOBECOM 2019  PROCEEDINGS,"IEEE GLOB COMMUN CONF, GLOBECOM - PROC"
CURRENT OPINION IN ENVIRONMENTAL SUSTAINABILITY,CURR OPIN ENVIRON SUSTAINABILITY
FUTURE GENERATION COMPUTER SYSTEMS,FUTURE GENER COMPUT SYST
INTERNATIONAL JOURNAL OF ADVANCED SCIENCE AND TECHNOLOGY,INT J ADV SCI TECHNOL
INTERNATIONAL JOURNAL OF ADVANCED SCIENCE AND TECHNOLOGY,INT J ADV SCI TECHNOL
INTERNATIONAL JOURNAL OF ENVIRONMENTAL RESEARCH AND PUBLIC HEALTH,INT J ENVIRON RES PUBLIC HEALTH
PROCEEDING OF 2019 INTERNATIONAL CONFERENCE ON DIGITIZATION LANDSCAPING ARTIFICIAL INTELLIGENCE ICD 2019,"PROCEEDING INT CONF DIGIT: LANDSCAPING ARTIF INTELL, ICD"
PROCEEDING OF 2019 INTERNATIONAL CONFERENCE ON DIGITIZATION LANDSCAPING ARTIFICIAL INTELLIGENCE ICD 2019,"PROCEEDING INT CONF DIGIT: LANDSCAPING ARTIF INTELL, ICD"
2019 7TH INTERNATIONAL CONFERENCE ON CYBER AND IT SERVICE MANAGEMENT CITSM 2019,"INT CONF CYBER IT SERV MANAG, CITSM"
INTERNATIONAL CONFERENCE ON ICT AND KNOWLEDGE ENGINEERING,INT CONF ICT KNOWL ENG
2019 INTERNATIONAL CONFERENCE ON ELECTRICAL AND COMPUTING TECHNOLOGIES AND APPLICATIONS ICECTA 2019,"INT CONF ELECTR COMPUT TECHNOL APPL, ICECTA"
RISTI  REVISTA IBERICA DE SISTEMAS E TECNOLOGIAS DE INFORMACAO,REV IBERICA SIST TECNOL INF
SUSTAINABILITY SWITZERLAND,SUSTAINABILITY
SUSTAINABILITY SWITZERLAND,SUSTAINABILITY
INTERNATIONAL JOURNAL OF SCIENTIFIC AND TECHNOLOGY RESEARCH,INT J SCI TECHNOL RES
MATHEMATICS,MATHEMATICS
COMMUNICATIONS OF THE ACM,COMMUN ACM
GEOFORUM,GEOFORUM
FUTURE GENERATION COMPUTER SYSTEMS,FUTURE GENER COMPUT SYST
INTERNATIONAL FINANCE REVIEW,INT FINANC REV
INTERNATIONAL FINANCE REVIEW,INT FINANC REV
JOURNAL OF PHYSICS CONFERENCE SERIES,J PHYS CONF SER
FINTECH AND ISLAMIC FINANCE DIGITALIZATION DEVELOPMENT AND DISRUPTION,"FINTECH AND ISLAM FINANC: DIGIT, DEV AND DISRUPT"
COMPETITION LAW JOURNAL,COMPET LAW J
PROCEEDINGS OF IEEE INTERNATIONAL CONFERENCE ON SIGNAL PROCESSINGCOMPUTING AND CONTROL,"PROC IEEE INT CONF SIGNAL PROCESS, COMPUT CONTROL, ISPCC"
INTERNATIONAL JOURNAL OF INNOVATIVE TECHNOLOGY AND EXPLORING ENGINEERING,INT J INNOV TECHNOL EXPLOR ENG
INTERNATIONAL JOURNAL OF SCIENTIFIC AND TECHNOLOGY RESEARCH,INT J SCI TECHNOL RES
SUSTAINABILITY SWITZERLAND,SUSTAINABILITY
ENVIRONMENT AND PLANNING A,ENVIRON PLANN A
ANNALS OF OPERATIONS RESEARCH,ANN OPER RES
IMPACT OF FINANCIAL TECHNOLOGY FINTECH ON ISLAMIC FINANCE AND FINANCIAL STABILITY,IMPACT OF FINANC TECHNOL (FINTECH) ON ISLAM FINANC AND FINANC STAB
IMPACT OF FINANCIAL TECHNOLOGY FINTECH ON ISLAMIC FINANCE AND FINANCIAL STABILITY,IMPACT OF FINANC TECHNOL (FINTECH) ON ISLAM FINANC AND FINANC STAB
IMPACT OF FINANCIAL TECHNOLOGY FINTECH ON ISLAMIC FINANCE AND FINANCIAL STABILITY,IMPACT OF FINANC TECHNOL (FINTECH) ON ISLAM FINANC AND FINANC STAB
IMPACT OF FINANCIAL TECHNOLOGY FINTECH ON ISLAMIC FINANCE AND FINANCIAL STABILITY,IMPACT OF FINANC TECHNOL (FINTECH) ON ISLAM FINANC AND FINANC STAB
IMPACT OF FINANCIAL TECHNOLOGY FINTECH ON ISLAMIC FINANCE AND FINANCIAL STABILITY,IMPACT OF FINANC TECHNOL (FINTECH) ON ISLAM FINANC AND FINANC STAB
IMPACT OF FINANCIAL TECHNOLOGY FINTECH ON ISLAMIC FINANCE AND FINANCIAL STABILITY,IMPACT OF FINANC TECHNOL (FINTECH) ON ISLAM FINANC AND FINANC STAB
IMPACT OF FINANCIAL TECHNOLOGY FINTECH ON ISLAMIC FINANCE AND FINANCIAL STABILITY,IMPACT OF FINANC TECHNOL (FINTECH) ON ISLAM FINANC AND FINANC STAB
ACM INTERNATIONAL CONFERENCE PROCEEDING SERIES,ACM INT CONF PROC SER
INDUSTRIAL MANAGEMENT AND DATA SYSTEMS,IND MANAGE DATA SYS
INDUSTRIAL MANAGEMENT AND DATA SYSTEMS,IND MANAGE DATA SYS
REVIEW OF INTERNATIONAL POLITICAL ECONOMY,REV INT POLIT ECON
SOCIETY AND ECONOMY,SOC ECON
2019 INTERNATIONAL CONFERENCE ON CYBERSECURITY ICOCSEC 2019,"INT CONF CYBERSECUR, ICOCSEC"
INTERNATIONAL JOURNAL OF ADVANCED TRENDS IN COMPUTER SCIENCE AND ENGINEERING,INT J ADV TRENDS COMPUT SCI ENG
UBMK 2019  PROCEEDINGS 4TH INTERNATIONAL CONFERENCE ON COMPUTER SCIENCE AND ENGINEERING,"UBMK - PROC, INT CONF COMPUT SCI ENG"
PROCEEDINGS  2019 ACMIEEE 22ND INTERNATIONAL CONFERENCE ON MODEL DRIVEN ENGINEERING LANGUAGES AND SYSTEMS MODELS 2019,"PROC - ACM/IEEE INT CONF MODEL DRIVEN ENG LANG SYST, MODELS"
MANAGEMENT AND MARKETING,MANAGE MARK
JOURNAL OF PAYMENTS STRATEGY AND SYSTEMS,J PAYM STRATEG SYST
JOURNAL OF PAYMENTS STRATEGY AND SYSTEMS,J PAYM STRATEG SYST
INTERNATIONAL JOURNAL OF RECENT TECHNOLOGY AND ENGINEERING,INT J RECENT TECHNOL ENG
INTERNATIONAL JOURNAL OF RECENT TECHNOLOGY AND ENGINEERING,INT J RECENT TECHNOL ENG
SUSTAINABILITY SWITZERLAND,SUSTAINABILITY
HANDBOOK OF RESEARCH ON STRATEGIC FIT AND DESIGN IN BUSINESS ECOSYSTEMS,HANDB OF RES ON STRATEG FIT AND DES IN BUS ECOSYST
ACM INTERNATIONAL CONFERENCE PROCEEDING SERIES,ACM INT CONF PROC SER
ESECFSE 2019  PROCEEDINGS OF THE 2019 27TH ACM JOINT MEETING EUROPEAN SOFTWARE ENGINEERING CONFERENCE AND SYMPOSIUM ON THE FOUNDATIONS OF SOFTWARE ENGINEERING,ESEC/FSE - PROC ACM JT MEET EUR SOFTW ENG CONF SYMP FOUND SOFTW ENG
JOURNAL OF FINANCIAL REGULATION,J FINANC REGUL
PROCEEDINGS  2019 IEEE SMARTWORLD UBIQUITOUS INTELLIGENCE AND COMPUTING ADVANCED AND TRUSTED COMPUTING SCALABLE COMPUTING AND COMMUNICATIONS INTERNET OF PEOPLE AND SMART CITY INNOVATION SMARTWORLDUICATCSCALCOMIOPSCI 2019,"PROC - IEEE SMARTWORLD, UBIQUITOUS INTELL COMPUT, ADV TRUSTED COMPUT, SCALABLE COMPUT COMMUN, INTERNET PEOPLE SMART CITY INNOV, SMARTWORLD/UIC/ATC/SCALCOM/IOP/SCI"
PROCEEDINGS OF 2019 INTERNATIONAL CONFERENCE ON INFORMATION MANAGEMENT AND TECHNOLOGY ICIMTECH 2019,"PROC INT CONF INF MANAG TECHNOL, ICIMTECH"
PROCEEDINGS OF 2019 INTERNATIONAL CONFERENCE ON INFORMATION MANAGEMENT AND TECHNOLOGY ICIMTECH 2019,"PROC INT CONF INF MANAG TECHNOL, ICIMTECH"
PROCEEDINGS OF 2019 INTERNATIONAL CONFERENCE ON INFORMATION MANAGEMENT AND TECHNOLOGY ICIMTECH 2019,"PROC INT CONF INF MANAG TECHNOL, ICIMTECH"
INTERNATIONAL JOURNAL OF INNOVATIVE TECHNOLOGY AND EXPLORING ENGINEERING,INT J INNOV TECHNOL EXPLOR ENG
INTERNATIONAL JOURNAL OF INNOVATIVE TECHNOLOGY AND EXPLORING ENGINEERING,INT J INNOV TECHNOL EXPLOR ENG
NEW MEDIA AND SOCIETY,NEW MEDIA AND SOCIETY
STATES INTERNATIONAL ORGANIZATIONS AND STRATEGIC PARTNERSHIPS,"STATES, INT ORGAN AND STRATEG PARTNERSH"
STATES INTERNATIONAL ORGANIZATIONS AND STRATEGIC PARTNERSHIPS,"STATES, INT ORGAN AND STRATEG PARTNERSH"
STATES INTERNATIONAL ORGANIZATIONS AND STRATEGIC PARTNERSHIPS,"STATES, INT ORGAN AND STRATEG PARTNERSH"
ACM INTERNATIONAL CONFERENCE PROCEEDING SERIES,ACM INT CONF PROC SER
RESEARCH TECHNOLOGY MANAGEMENT,RES TECHNOL MANAGE
AFRICA JOURNAL OF MANAGEMENT,AFRICA J MANAG
TECHNOLOGY INNOVATION MANAGEMENT REVIEW,TECHNOLOG INNOV MANAG REV
PROCEEDINGS  2019 8TH INTERNATIONAL CONGRESS ON ADVANCED APPLIED INFORMATICS IIAIAAI 2019,"PROC - INT CONGR ADV APPL INF, IIAI-AAI"
PROCEEDINGS  2019 IEEE WORLD CONGRESS ON SERVICES SERVICES 2019,"PROC - IEEE WORLD CONGR SERV, SERVICES"
PROCEEDINGS  2019 IEEE WORLD CONGRESS ON SERVICES SERVICES 2019,"PROC - IEEE WORLD CONGR SERV, SERVICES"
BUSINESS ECONOMICS,BUS ECON
ERA FORUM,ERA FORUM
ELECTRONIC COMMERCE RESEARCH AND APPLICATIONS,ELECT COMMER RES APPL
ELECTRONIC COMMERCE RESEARCH AND APPLICATIONS,ELECT COMMER RES APPL
ERA FORUM,ERA FORUM
FUTURE GENERATION COMPUTER SYSTEMS,FUTURE GENER COMPUT SYST
ACM INTERNATIONAL CONFERENCE PROCEEDING SERIES,ACM INT CONF PROC SER
ACM INTERNATIONAL CONFERENCE PROCEEDING SERIES,ACM INT CONF PROC SER
INTERNATIONAL JOURNAL OF BANK MARKETING,INT J BANK MARK
INTERNATIONAL JOURNAL OF HUMANCOMPUTER INTERACTION,INT J HUM-COMPUT INTERACT
SMALL BUSINESS ECONOMICS,SMALL BUS ECON
EXTENDING FINANCIAL INCLUSION IN AFRICA,EXTENDING FINANC INCL IN AFR
QUALITATIVE RESEARCH IN FINANCIAL MARKETS,QUAL RES FINANC MARKETS
JOURNAL OF FINANCE AND DATA SCIENCE,J FINANCE DATA SCI
UNIFORM LAW REVIEW,UNIF LAW REV
YALE JOURNAL ON REGULATION,YALE J REGUL
INTERNATIONAL JOURNAL OF ENGINEERING AND ADVANCED TECHNOLOGY,INT J ENG ADV TECHNOL
INTERNATIONAL JOURNAL OF INNOVATIVE TECHNOLOGY AND EXPLORING ENGINEERING,INT J INNOV TECHNOL EXPLOR ENG
INTERNATIONAL JOURNAL OF INNOVATIVE TECHNOLOGY AND EXPLORING ENGINEERING,INT J INNOV TECHNOL EXPLOR ENG
PROCEEDINGS  2019 IEEE INTERNATIONAL CONFERENCE ON ARTIFICIAL INTELLIGENCE TESTING AITEST 2019,"PROC - IEEE INT CONF ARTIF INTELL TEST, AITEST"
CONFERENCE ON HUMAN FACTORS IN COMPUTING SYSTEMS  PROCEEDINGS,CONF HUM FACT COMPUT SYST PROC
REVIEW OF FINANCIAL STUDIES,REV FINANC STUD
REVIEW OF FINANCIAL STUDIES,REV FINANC STUD
ELECTRONIC COMMERCE RESEARCH AND APPLICATIONS,ELECT COMMER RES APPL
INTERNATIONAL JOURNAL OF INDUSTRIAL ORGANIZATION,INT J IND ORGANIZ
COMPUTER STANDARDS AND INTERFACES,COMPUT STAND INTERFACES
JOURNAL OF RETAILING AND CONSUMER SERVICES,J RETAIL CONSUM SERV
JOURNAL OF BUSINESSTOBUSINESS MARKETING,J BUS BUS MARK
2019 INTERNATIONAL CONFERENCE ON AUTOMATION COMPUTATIONAL AND TECHNOLOGY MANAGEMENT ICACTM 2019,"INT CONF AUTOM, COMPUT TECHNOL MANAG, ICACTM"
2019 INTERNATIONAL CONFERENCE ON AUTOMATION COMPUTATIONAL AND TECHNOLOGY MANAGEMENT ICACTM 2019,"INT CONF AUTOM, COMPUT TECHNOL MANAG, ICACTM"
INTERNATIONAL JOURNAL OF INNOVATIVE TECHNOLOGY AND EXPLORING ENGINEERING,INT J INNOV TECHNOL EXPLOR ENG
SOCIAL STUDIES OF SCIENCE,SOC STUD SCI
RESEARCH IN INTERNATIONAL BUSINESS AND FINANCE,RES INT BUS FINANC
INTERNATIONAL JOURNAL OF SERVICE SCIENCE MANAGEMENT ENGINEERING AND TECHNOLOGY,INT J SERV SCI MANAG ENG TECHNOL
JOURNAL OF BUSINESS RESEARCH,J BUS RES
CRYPTOCURRENCY IN ALL ASPECTS,CRYPTOCURRENCY IN ALL ASP
EUROPEAN BUSINESS ORGANIZATION LAW REVIEW,EUR BUS ORG LAW REV
EUROPEAN BUSINESS ORGANIZATION LAW REVIEW,EUR BUS ORG LAW REV
RISK MANAGEMENT,RISK MANAGE
PROCEEDINGS  2018 INTERNATIONAL CONFERENCE ON COMPUTING ELECTRONICS AND COMMUNICATIONS ENGINEERING ICCECE 2018,"PROC - INT CONF COMPUT, ELECTRON COMMUN ENG, ICCECE"
SYMMETRY,SYMMETRY
ASIA PACIFIC JOURNAL OF INFORMATION SYSTEMS,ASIA PAC J INF SYST
SUSTAINABILITY SWITZERLAND,SUSTAINABILITY
ELECTRONIC COMMERCE RESEARCH AND APPLICATIONS,ELECT COMMER RES APPL
JOURNAL OF STRATEGIC INFORMATION SYSTEMS,J STRATEGIC INFORM SYST
INTERNATIONAL JOURNAL OF RECENT TECHNOLOGY AND ENGINEERING,INT J RECENT TECHNOL ENG
NTT TECHNICAL REVIEW,NTT TECH REV
ASIA LIFE SCIENCES,ASIA LIFE SCI
2018 INTERNATIONAL SCIENTIFICPRACTICAL CONFERENCE ON PROBLEMS OF INFOCOMMUNICATIONS SCIENCE AND TECHNOLOGY PIC S AND T 2018  PROCEEDINGS,"INT SCI-PRACT CONF PROBL INFOCOMMUNICATIONS SCI TECHNOL, PIC S T - PROC"
1ST 2018 INDONESIAN ASSOCIATION FOR PATTERN RECOGNITION INTERNATIONAL CONFERENCE INAPR 2018  PROCEEDINGS,"INDONES ASSOC PATTERN RECOGNIT INT CONF, INAPR - PROC"
VENTURE CAPITAL,VENTURE CAP
40TH INTERNATIONAL CONFERENCE ON INFORMATION SYSTEMS ICIS 2019,"INT CONF INF SYST, ICIS"
40TH INTERNATIONAL CONFERENCE ON INFORMATION SYSTEMS ICIS 2019,"INT CONF INF SYST, ICIS"
40TH INTERNATIONAL CONFERENCE ON INFORMATION SYSTEMS ICIS 2019,"INT CONF INF SYST, ICIS"
40TH INTERNATIONAL CONFERENCE ON INFORMATION SYSTEMS ICIS 2019,"INT CONF INF SYST, ICIS"
40TH INTERNATIONAL CONFERENCE ON INFORMATION SYSTEMS ICIS 2019,"INT CONF INF SYST, ICIS"
FINANCE THEORY AND PRACTICE,FIN THEORY PRACT
THE DIGITAL BANKING REVOLUTION HOW FINTECH COMPANIES ARE TRANSFORMING THE RETAIL BANKING INDUSTRY THROUGH DISRUPTIVE FINANCIAL INNOVATION,THE DIGITAL BANK REVOLUTION: HOW FINTECH CO ARE TRANSFORMING THE RETAIL BANK INDUSTRY THROUGH DISRUPTIVE FINANCIAL INNOVATION
SEVERAL DIMENSIONS OF INNOVATION TECHNOLOGY AND INDUSTRY 40,"SEVERAL DIMENSIONS OF INNOVATION, TECHNOLOGY AND INDUSTRY 40"
ADVANCES IN SCIENCE TECHNOLOGY AND INNOVATION,ADV SCI TECH INNO
PROCEEDINGS OF THE 23RD PACIFIC ASIA CONFERENCE ON INFORMATION SYSTEMS SECURE ICT PLATFORM FOR THE 4TH INDUSTRIAL REVOLUTION PACIS 2019,"PROC PAC ASIA CONF INF SYST: SECUR ICT PLATF IND REVOL, PACIS"
PROCEEDINGS OF THE 23RD PACIFIC ASIA CONFERENCE ON INFORMATION SYSTEMS SECURE ICT PLATFORM FOR THE 4TH INDUSTRIAL REVOLUTION PACIS 2019,"PROC PAC ASIA CONF INF SYST: SECUR ICT PLATF IND REVOL, PACIS"
PROCEEDINGS OF THE 23RD PACIFIC ASIA CONFERENCE ON INFORMATION SYSTEMS SECURE ICT PLATFORM FOR THE 4TH INDUSTRIAL REVOLUTION PACIS 2019,"PROC PAC ASIA CONF INF SYST: SECUR ICT PLATF IND REVOL, PACIS"
FINTECH AND DATA PRIVACY IN GERMANY AN EMPIRICAL ANALYSIS WITH POLICY RECOMMENDATIONS,FINTECH AND DATA PRIV IN GERMANY: AN EMPIR ANALYSIS WITH POLICY RECOMMENDATIONS
TECHNOLOGY INNOVATION MANAGEMENT REVIEW,TECHNOLOG INNOV MANAG REV
25TH AMERICAS CONFERENCE ON INFORMATION SYSTEMS AMCIS 2019,"AM CONF INF SYST, AMCIS"
MANAGING TECHNOLOGY FOR INCLUSIVE AND SUSTAINABLE GROWTH  28TH INTERNATIONAL CONFERENCE FOR THE INTERNATIONAL ASSOCIATION OF MANAGEMENT OF TECHNOLOGY IAMOT 2019,"MANAG TECHNOL INCL SUSTAIN GROWTH - INT CONF INT ASSOC MANAG TECHNOL, IAMOT"
INTERNATIONAL JOURNAL OF INNOVATION CREATIVITY AND CHANGE,INT J INNOV CREAT CHANGE
AFRICAN JOURNAL OF BUSINESS AND ECONOMIC RESEARCH,AFRICAN J BUS ECON RES
INTERNATIONAL JOURNAL OF ECONOMICS AND BUSINESS ADMINISTRATION,INT J ECON BUS ADM
PROCEEDINGS OF THE INTERNATIONAL ASTRONAUTICAL CONGRESS IAC,"PROC INT ASTRONAUT CONGR, IAC"
INTERNATIONAL JOURNAL OF ECONOMICS AND BUSINESS ADMINISTRATION,INT J ECON BUS ADM
PROCEDIA COMPUTER SCIENCE,PROCEDIA COMPUT SCI
INDIAN JOURNAL OF ECONOMICS AND BUSINESS,INDIAN J ECON BUS
PROCEDIA COMPUTER SCIENCE,PROCEDIA COMPUT SCI
INTERNATIONAL JOURNAL OF INFORMATION SYSTEMS AND CHANGE MANAGEMENT,INT J INF SYST CHANGE MANGE
JOURNAL OF ADVANCED RESEARCH IN DYNAMICAL AND CONTROL SYSTEMS,J ADV RES DYN CONTROL SYST
JOURNAL OF ADVANCED RESEARCH IN DYNAMICAL AND CONTROL SYSTEMS,J ADV RES DYN CONTROL SYST
ALSHAJARAH,AL-SHAJARAH
INVESTMENT MANAGEMENT AND FINANCIAL INNOVATIONS,INVESTM MANANGE FINANC INNOV
INTELLECTUAL DISCOURSE,INTELLECT DISCOURSE
JOURNAL OF OPEN INNOVATION TECHNOLOGY MARKET AND COMPLEXITY,J OPEN INNOV: TECHNOL MARK COMPLEX
JOURNAL OF CRITICAL REVIEWS,J CRIT REV
PUBLIC SECTOR ECONOMICS,PUBLIC SECT ECON
PROCEEDINGS OF THE ANNUAL HAWAII INTERNATIONAL CONFERENCE ON SYSTEM SCIENCES,PROC ANNU HAWAII INT CONF SYST SCI
INTERNATIONAL JOURNAL OF ELECTRONIC FINANCE,INT J ELECTRON FINANCE
JOURNAL OF ADVANCED RESEARCH IN DYNAMICAL AND CONTROL SYSTEMS,J ADV RES DYN CONTROL SYST
PROCEDIA COMPUTER SCIENCE,PROCEDIA COMPUT SCI
PROCEDIA COMPUTER SCIENCE,PROCEDIA COMPUT SCI
ADVANCES IN SCIENCE TECHNOLOGY AND INNOVATION,ADV SCI TECH INNO
COMMUNICATIONS IN COMPUTER AND INFORMATION SCIENCE,COMMUN COMPUT INFO SCI
LECTURE NOTES IN COMPUTER SCIENCE INCLUDING SUBSERIES LECTURE NOTES IN ARTIFICIAL INTELLIGENCE AND LECTURE NOTES IN BIOINFORMATICS,LECT NOTES COMPUT SCI
INTEREULAWEAST,INTEREULAWEAST
CRYPTO UNCOVERED THE EVOLUTION OF BITCOIN AND THE CRYPTO CURRENCY MARKETPLACE,CRYPTO UNCOVERED: THE EVOLUTION OF BITCOIN AND THE CRYPTO CURR MARKETPL
PROCEEDINGS OF THE 33RD INTERNATIONAL BUSINESS INFORMATION MANAGEMENT ASSOCIATION CONFERENCE IBIMA 2019 EDUCATION EXCELLENCE AND INNOVATION MANAGEMENT THROUGH VISION 2020,"PROC INT BUS INF MANAG ASSOC CONF, IBIMA: EDUC EXCELL INNOV MANAG VIS"
PROCEEDINGS OF THE 33RD INTERNATIONAL BUSINESS INFORMATION MANAGEMENT ASSOCIATION CONFERENCE IBIMA 2019 EDUCATION EXCELLENCE AND INNOVATION MANAGEMENT THROUGH VISION 2020,"PROC INT BUS INF MANAG ASSOC CONF, IBIMA: EDUC EXCELL INNOV MANAG VIS"
CREDIT AND CAPITAL MARKETS,CREDIT CAP MARK
JOURNAL OF ADVANCED RESEARCH IN DYNAMICAL AND CONTROL SYSTEMS,J ADV RES DYN CONTROL SYST
PROCEEDINGS OF THE 23RD PACIFIC ASIA CONFERENCE ON INFORMATION SYSTEMS SECURE ICT PLATFORM FOR THE 4TH INDUSTRIAL REVOLUTION PACIS 2019,"PROC PAC ASIA CONF INF SYST: SECUR ICT PLATF IND REVOL, PACIS"
MEZHDUNARODNYE PROTSESSY,MEZHDUNAR PROTSESSY
PROCEDIA COMPUTER SCIENCE,PROCEDIA COMPUT SCI
VIDE TEHNOLOGIJA RESURSI  ENVIRONMENT TECHNOLOGY RESOURCES,"VIDE TEHNOLOGIJA RESURSI - ENVIRON, TECHNOL RSRC"
INTERNATIONAL ORGANISATIONS RESEARCH JOURNAL,INT ORGAN RES J
ECONOMIC ANNALSXXI,ECO ANNALS
BANKS AND BANK SYSTEMS,BANKS BANK SYST
JOURNAL OF DISTRIBUTION SCIENCE,J DISTRIBUTION SCIENCE
AFRICAN JOURNAL OF HOSPITALITY TOURISM AND LEISURE,AFR J HOSP TOUR LEIS
INTERNATIONAL JOURNAL ON ADVANCED SCIENCE ENGINEERING AND INFORMATION TECHNOLOGY,INT J ADV SCI ENG INF TECHNOL
JOURNAL OF ADVANCED RESEARCH IN DYNAMICAL AND CONTROL SYSTEMS,J ADV RES DYN CONTROL SYST
CEUR WORKSHOP PROCEEDINGS,CEUR WORKSHOP PROC
VOPROSY EKONOMIKI,VOPR EKON
COMMUNICATIONS IN COMPUTER AND INFORMATION SCIENCE,COMMUN COMPUT INFO SCI
LECTURE NOTES IN COMPUTER SCIENCE INCLUDING SUBSERIES LECTURE NOTES IN ARTIFICIAL INTELLIGENCE AND LECTURE NOTES IN BIOINFORMATICS,LECT NOTES COMPUT SCI
INVESTMENT MANAGEMENT AND FINANCIAL INNOVATIONS,INVESTM MANANGE FINANC INNOV
LECTURE NOTES IN BUSINESS INFORMATION PROCESSING,LECT NOTES BUS INF PROCESS
INTERNATIONAL JOURNAL OF BUSINESS INNOVATION AND RESEARCH,INT J BUS INNOV RES
ACM INTERNATIONAL CONFERENCE PROCEEDING SERIES,ACM INT CONF PROC SER
LECTURE NOTES IN ELECTRICAL ENGINEERING,LECT NOTES ELECTR ENG
INTERNATIONAL JOURNAL OF ADVANCED COMPUTER SCIENCE AND APPLICATIONS,INTL J ADV COMPUT SCI APPL
FORBES,FORBES
JOURNAL OF PROMOTION MANAGEMENT,J PROMOT MANAGE
FRONTIERS IN PSYCHOLOGY,FRONT PSYCHOL
INTERNATIONAL JOURNAL OF INNOVATIVE TECHNOLOGY AND EXPLORING ENGINEERING,INT J INNOV TECHNOL EXPLOR ENG
ISLAMIC FINANCE RISKSHARING AND MACROECONOMIC STABILITY,"ISLAMIC FINANCE, RISK-SHARING AND MACROECONOMIC STAB"
GEORGETOWN LAW JOURNAL,GEORGET LAW J
LECTURE NOTES IN COMPUTER SCIENCE INCLUDING SUBSERIES LECTURE NOTES IN ARTIFICIAL INTELLIGENCE AND LECTURE NOTES IN BIOINFORMATICS,LECT NOTES COMPUT SCI
INTERNATIONAL JOURNAL OF TECHNOLOGY POLICY AND MANAGEMENT,INT J TECHNOL POLICY MANAGE
ENERGY PROCEDIA,ENERGY PROCEDIA
COMMUNICATIONS IN COMPUTER AND INFORMATION SCIENCE,COMMUN COMPUT INFO SCI
IEICE TRANSACTIONS ON FUNDAMENTALS OF ELECTRONICS COMMUNICATIONS AND COMPUTER SCIENCES,IEICE TRANS FUND ELECTRON COMMUN COMPUT SCI
LECTURE NOTES IN BUSINESS INFORMATION PROCESSING,LECT NOTES BUS INF PROCESS
INTERNATIONAL JOURNAL OF EBUSINESS RESEARCH,INT J E-BUS RES
HOUSING POLICY DEBATE,HOUS POLICY DEBATE
JOURNAL OF BANKING AND FINANCE,J BANK FINANC
ADVANCES IN INTELLIGENT SYSTEMS AND COMPUTING,ADV INTELL SYS COMPUT
IEEE TRANSACTIONS ON VISUALIZATION AND COMPUTER GRAPHICS,IEEE TRANS VISUAL COMPUT GRAPHICS
JOURNAL OF CORPORATE LAW STUDIES,J CORP LAW STUD
ADVANCES IN INTELLIGENT SYSTEMS AND COMPUTING,ADV INTELL SYS COMPUT
ADVANCES IN INTELLIGENT SYSTEMS AND COMPUTING,ADV INTELL SYS COMPUT
CONTEMPORARY ECONOMIC POLICY,CONTEMP ECON POLICY
CONTEMPORARY ECONOMICS,CONTEMP ECON
ACM INTERNATIONAL CONFERENCE PROCEEDING SERIES,ACM INT CONF PROC SER
PROCEEDINGS  INTERNATIONAL CONFERENCE ON TOOLS WITH ARTIFICIAL INTELLIGENCE ICTAI,PROC INT CONF TOOLS ARTIF INTELL ICTAI
FIIB BUSINESS REVIEW,FIIB BUS REV
JOURNAL OF PAYMENTS STRATEGY AND SYSTEMS,J PAYM STRATEG SYST
SERVICE SCIENCE,SERV SCI
RAGION PRATICA,RAGION PRAT
INTERNATIONAL JOURNAL OF MECHANICAL ENGINEERING AND TECHNOLOGY,INT J MECH ENG TECHNOL
JOURNAL OF RISK MANAGEMENT IN FINANCIAL INSTITUTIONS,J RISK MANG FINANCIAL INST
HUMANCENTRIC COMPUTING AND INFORMATION SCIENCES,HUM-CENTRIC COMPUT INF SCI
ACCOUNTING AND FINANCE,ACCOUNT FINANC
JOURNAL OF FINANCIAL ECONOMICS,J FINANC ECON
BORSA ISTANBUL REVIEW,BORSA ISTANB REV
JOURNAL OF ALTERNATIVE INVESTMENTS,J ALTERN INVESTM
JOURNAL OF ALTERNATIVE INVESTMENTS,J ALTERN INVESTM
JOURNAL OF INFORMATION TECHNOLOGY,J INF TECHNOL
PROCEEDINGS OF 2018 11TH INTERNATIONAL CONFERENCE QUOTMANAGEMENT OF LARGESCALE SYSTEM DEVELOPMENTQUOT MLSD 2018,"PROC INT CONF ""MANAG LARGE-SCALE SYST DEV"", MLSD"
EMERGING MARKETS FINANCE AND TRADE,EMERG MARK FINANC TRADE
PROCEEDINGS OF 2018 INTERNATIONAL CONFERENCE ON INFORMATION MANAGEMENT AND TECHNOLOGY ICIMTECH 2018,"PROC INT CONF INF MANAG TECHNOL, ICIMTECH"
PROCEEDINGS OF 2018 INTERNATIONAL CONFERENCE ON INFORMATION MANAGEMENT AND TECHNOLOGY ICIMTECH 2018,"PROC INT CONF INF MANAG TECHNOL, ICIMTECH"
PROCEEDINGS OF 2018 INTERNATIONAL CONFERENCE ON INFORMATION MANAGEMENT AND TECHNOLOGY ICIMTECH 2018,"PROC INT CONF INF MANAG TECHNOL, ICIMTECH"
EXPLORING THE FUTURE OF RUSSIAS ECONOMY AND MARKETS TOWARDS SUSTAINABLE ECONOMIC DEVELOPMENT,EXPLOR THE FUTURE OF RUSS ECON AND MARK: TOWARDS SUSTAIN ECON DEV
JOURNAL OF ECONOMICS AND BUSINESS,J ECON BUS
DIALOGUES IN HUMAN GEOGRAPHY,DIALOGUES HUM GEOGR
COMMUNICATIONS OF THE ACM,COMMUN ACM
GEOFORUM,GEOFORUM
JOURNAL OF FINANCIAL ECONOMICS,J FINANC ECON
JOURNAL OF ECONOMICS AND BUSINESS,J ECON BUS
JOURNAL OF ECONOMICS AND BUSINESS,J ECON BUS
JOURNAL OF ECONOMICS AND BUSINESS,J ECON BUS
ESECFSE 2018  PROCEEDINGS OF THE 2018 26TH ACM JOINT MEETING ON EUROPEAN SOFTWARE ENGINEERING CONFERENCE AND SYMPOSIUM ON THE FOUNDATIONS OF SOFTWARE ENGINEERING,ESEC/FSE - PROC ACM JT MEET EUR SOFTW ENG CONF SYMP FOUND SOFTW ENG
PROCEEDINGS OF THE 2018 IEEEACM INTERNATIONAL CONFERENCE ON ADVANCES IN SOCIAL NETWORKS ANALYSIS AND MINING ASONAM 2018,"PROC IEEE/ACM INT CONF ADV SOC NETWORKS ANAL MINING, ASONAM"
PICMET 2018  PORTLAND INTERNATIONAL CONFERENCE ON MANAGEMENT OF ENGINEERING AND TECHNOLOGY MANAGING TECHNOLOGICAL ENTREPRENEURSHIP THE ENGINE FOR ECONOMIC GROWTH PROCEEDINGS,"PICMET - PORTLAND INT CONF MANAG ENG TECHNOL: MANAG TECHNOL ENTREP: ENGINE ECON GROWTH, PROC"
PICMET 2018  PORTLAND INTERNATIONAL CONFERENCE ON MANAGEMENT OF ENGINEERING AND TECHNOLOGY MANAGING TECHNOLOGICAL ENTREPRENEURSHIP THE ENGINE FOR ECONOMIC GROWTH PROCEEDINGS,"PICMET - PORTLAND INT CONF MANAG ENG TECHNOL: MANAG TECHNOL ENTREP: ENGINE ECON GROWTH, PROC"
INTERNATIONAL JOURNAL OF FINANCIAL RESEARCH,INT J FINANCIAL RES
TEMSISIE 2018  1ST ANNUAL INTERNATIONAL SYMPOSIUM ON INNOVATION AND ENTREPRENEURSHIP OF THE IEEE TECHNOLOGY AND ENGINEERING MANAGEMENT SOCIETY,TEMS-ISIE - ANNU INT SYMP INNOV ENTREP IEEE TECHNOL ENG MANAG SOC
ECONOMIC AFFAIRS,ECON AFF
QUALITY  ACCESS TO SUCCESS,QUAL ACCESS SUCCESS
IOP CONFERENCE SERIES MATERIALS SCIENCE AND ENGINEERING,IOP CONF SER MATER SCI ENG
13TH INTERNATIONAL CONFERENCE ON COMPUTER SCIENCE AND EDUCATION ICCSE 2018,"INT CONF COMPUT SCI EDUC, ICCSE"
ECONOMIST UNITED KINGDOM,ECONOMIST
JOURNAL OF FINANCIAL REGULATION,J FINANC REGUL
INFORMATION AND COMMUNICATIONS TECHNOLOGY LAW,INF COMMUN TECHNOL LAW
ONLINE JOURNAL MODELLING THE NEW EUROPE,ONLINE J MODEL NEW EUR
GEORGE WASHINGTON LAW REVIEW,GEORGE WASHINGTON LAW REV
EUROPEAN BUSINESS ORGANIZATION LAW REVIEW,EUR BUS ORG LAW REV
CORPORATE GOVERNANCE AN INTERNATIONAL REVIEW,CORP GOV: INT REV
CORPORATE GOVERNANCE AN INTERNATIONAL REVIEW,CORP GOV: INT REV
QUANTITATIVE MARKETING AND ECONOMICS,QUANT MARK ECON
INTERNATIONAL ENTREPRENEURSHIP AND MANAGEMENT JOURNAL,INT ENTREP MANAGE J
PROCEEDING  2018 20TH IEEE INTERNATIONAL CONFERENCE ON BUSINESS INFORMATICS CBI 2018,"PROCEEDING - IEEE INT CONF BUS INFORMATICS, CBI"
INTERNATIONAL FINANCIAL CENTRES AFTER THE GLOBAL FINANCIAL CRISIS AND BREXIT,INT FINANC CENT AFTER THE GLOB FINANC CRISIS AND BREXIT
ACM INTERNATIONAL CONFERENCE PROCEEDING SERIES,ACM INT CONF PROC SER
2018 IEEE INTERNATIONAL CONFERENCE ON ENGINEERING TECHNOLOGY AND INNOVATION ICEITMC 2018  PROCEEDINGS,"IEEE INT CONF ENG, TECHNOL INNOV, ICE/ITMC - PROC"
MAASTRICHT JOURNAL OF EUROPEAN AND COMPARATIVE LAW,MAASTRICHT J EURCOMP LAW
ELECTRONIC MARKETS,ELECTRON MARK
JOURNAL OF MONETARY ECONOMICS,J MONET ECON
JOURNAL OF MONETARY ECONOMICS,J MONET ECON
ELECTRONIC MARKETS,ELECTRON MARK
ERA FORUM,ERA FORUM
JOURNAL OF ACCOUNTING AND ECONOMICS,J ACCOUNT ECON
CUTTER BUSINESS TECHNOLOGY JOURNAL,CUTTER BUSINESS TECHNOLOGY JOURNAL
INTERNATIONAL JOURNAL OF INNOVATIVE TECHNOLOGY AND EXPLORING ENGINEERING,INT J INNOV TECHNOL EXPLOR ENG
JOURNAL OF REVIEWS ON GLOBAL ECONOMICS,J REV GLOB ECON
NEW COOPERATIVE BANKING IN EUROPE STRATEGIES FOR ADAPTING THE BUSINESS MODEL POST CRISIS,NEW COOPERATIVE BANK IN EUROPE: STRATEGIES FOR ADAPTING THE BUS MODEL POST CRISIS
NEW COOPERATIVE BANKING IN EUROPE STRATEGIES FOR ADAPTING THE BUSINESS MODEL POST CRISIS,NEW COOPERATIVE BANK IN EUROPE: STRATEGIES FOR ADAPTING THE BUS MODEL POST CRISIS
EUROPEAN RESEARCH STUDIES JOURNAL,EUR RES STUD
EUROPEAN RESEARCH STUDIES JOURNAL,EUR RES STUD
INVESTMENT MANAGEMENT AND FINANCIAL INNOVATIONS,INVESTM MANANGE FINANC INNOV
PROCEEDINGS OF THE 32ND INTERNATIONAL BUSINESS INFORMATION MANAGEMENT ASSOCIATION CONFERENCE IBIMA 2018  VISION 2020 SUSTAINABLE ECONOMIC DEVELOPMENT AND APPLICATION OF INNOVATION MANAGEMENT FROM REGIONAL EXPANSION TO GLOBAL GROWTH,"PROC INT BUS INF MANAG ASSOC CONF, IBIMA - VIS: SUSTAIN ECON DEV APPL INNOV MANAG REG EXPANS GLOB GROWTH"
PROCEEDINGS OF THE 32ND INTERNATIONAL BUSINESS INFORMATION MANAGEMENT ASSOCIATION CONFERENCE IBIMA 2018  VISION 2020 SUSTAINABLE ECONOMIC DEVELOPMENT AND APPLICATION OF INNOVATION MANAGEMENT FROM REGIONAL EXPANSION TO GLOBAL GROWTH,"PROC INT BUS INF MANAG ASSOC CONF, IBIMA - VIS: SUSTAIN ECON DEV APPL INNOV MANAG REG EXPANS GLOB GROWTH"
PROCEEDINGS OF THE 32ND INTERNATIONAL BUSINESS INFORMATION MANAGEMENT ASSOCIATION CONFERENCE IBIMA 2018  VISION 2020 SUSTAINABLE ECONOMIC DEVELOPMENT AND APPLICATION OF INNOVATION MANAGEMENT FROM REGIONAL EXPANSION TO GLOBAL GROWTH,"PROC INT BUS INF MANAG ASSOC CONF, IBIMA - VIS: SUSTAIN ECON DEV APPL INNOV MANAG REG EXPANS GLOB GROWTH"
INTERNATIONAL CONFERENCE ON INFORMATION SYSTEMS 2018 ICIS 2018,"INT CONF INF SYST, ICIS"
INTERNATIONAL CONFERENCE ON INFORMATION SYSTEMS 2018 ICIS 2018,"INT CONF INF SYST, ICIS"
INTERNATIONAL CONFERENCE ON INFORMATION SYSTEMS 2018 ICIS 2018,"INT CONF INF SYST, ICIS"
JOURNAL OF ADVANCED RESEARCH IN DYNAMICAL AND CONTROL SYSTEMS,J ADV RES DYN CONTROL SYST
INVESTMENT MANAGEMENT AND FINANCIAL INNOVATIONS,INVESTM MANANGE FINANC INNOV
INNOVATIVE MARKETING,INNOV MARK
PROCEEDINGS OF THE ANNUAL HAWAII INTERNATIONAL CONFERENCE ON SYSTEM SCIENCES,PROC ANNU HAWAII INT CONF SYST SCI
26TH EUROPEAN CONFERENCE ON INFORMATION SYSTEMS BEYOND DIGITIZATION  FACETS OF SOCIOTECHNICAL CHANGE ECIS 2018,"EUR CONF INF SYST: BEYOND DIGITIZATION - FACETS SOCIO-TECH CHANGE, ECIS"
26TH EUROPEAN CONFERENCE ON INFORMATION SYSTEMS BEYOND DIGITIZATION  FACETS OF SOCIOTECHNICAL CHANGE ECIS 2018,"EUR CONF INF SYST: BEYOND DIGITIZATION - FACETS SOCIO-TECH CHANGE, ECIS"
PROCEEDINGS OF THE 31ST INTERNATIONAL BUSINESS INFORMATION MANAGEMENT ASSOCIATION CONFERENCE IBIMA 2018 INNOVATION MANAGEMENT AND EDUCATION EXCELLENCE THROUGH VISION 2020,"PROC INT BUS INF MANAG ASSOC CONF, IBIMA: INNOV MANAG EDUC EXCELL VIS"
JOURNAL OF REVIEWS ON GLOBAL ECONOMICS,J REV GLOB ECON
INVESTMENT MANAGEMENT AND FINANCIAL INNOVATIONS,INVESTM MANANGE FINANC INNOV
JOURNAL OF SOCIAL SCIENCES RESEARCH,J SOC SCI RES
INCLUSIVE FINTECH BLOCKCHAIN CRYPTOCURRENCY AND ICO,"INCLUSIVE FINTECH: BLOCKCHAIN, CRYPTOCURRENCY AND ICO"
LECTURE NOTES IN COMPUTER SCIENCE INCLUDING SUBSERIES LECTURE NOTES IN ARTIFICIAL INTELLIGENCE AND LECTURE NOTES IN BIOINFORMATICS,LECT NOTES COMPUT SCI
LAW AND ECONOMICS YEARLY REVIEW,LAW ECON YRLY REV
LECTURE NOTES IN COMPUTER SCIENCE INCLUDING SUBSERIES LECTURE NOTES IN ARTIFICIAL INTELLIGENCE AND LECTURE NOTES IN BIOINFORMATICS,LECT NOTES COMPUT SCI
PROCEDIA COMPUTER SCIENCE,PROCEDIA COMPUT SCI
SOUTH AFRICAN JOURNAL OF ECONOMIC AND MANAGEMENT SCIENCES,S AFR J ECON MANAGE SCI
JOURNAL OF INTERNET TECHNOLOGY,J INTERNET TECHNOL
HANDBOOK OF BLOCKCHAIN DIGITAL FINANCE AND INCLUSION,"HANDB OF BLOCKCHAIN, DIGIT FINANC, AND INCL"
HANDBOOK OF BLOCKCHAIN DIGITAL FINANCE AND INCLUSION,"HANDB OF BLOCKCHAIN, DIGIT FINANC, AND INCL"
HANDBOOK OF BLOCKCHAIN DIGITAL FINANCE AND INCLUSION,"HANDB OF BLOCKCHAIN, DIGIT FINANC, AND INCL"
HANDBOOK OF BLOCKCHAIN DIGITAL FINANCE AND INCLUSION VOLUME 1 CRYPTOCURRENCY FINTECH INSURTECH AND REGULATION,"HANDB OF BLOCKCHAIN, DIGIT FINANC, AND INCL, VOL 1: CRYPTOCURR, FINTECH, INSURTECH, AND REGUL"
HANDBOOK OF BLOCKCHAIN DIGITAL FINANCE AND INCLUSION VOLUME 1 CRYPTOCURRENCY FINTECH INSURTECH AND REGULATION,"HANDB OF BLOCKCHAIN, DIGIT FINANC, AND INCL, VOL 1: CRYPTOCURR, FINTECH, INSURTECH, AND REGUL"
HANDBOOK OF BLOCKCHAIN DIGITAL FINANCE AND INCLUSION VOLUME 1 CRYPTOCURRENCY FINTECH INSURTECH AND REGULATION,"HANDB OF BLOCKCHAIN, DIGIT FINANC, AND INCL, VOL 1: CRYPTOCURR, FINTECH, INSURTECH, AND REGUL"
HANDBOOK OF BLOCKCHAIN DIGITAL FINANCE AND INCLUSION VOLUME 1 CRYPTOCURRENCY FINTECH INSURTECH AND REGULATION,"HANDB OF BLOCKCHAIN, DIGIT FINANC, AND INCL, VOL 1: CRYPTOCURR, FINTECH, INSURTECH, AND REGUL"
HANDBOOK OF BLOCKCHAIN DIGITAL FINANCE AND INCLUSION VOLUME 1 CRYPTOCURRENCY FINTECH INSURTECH AND REGULATION,"HANDB OF BLOCKCHAIN, DIGIT FINANC, AND INCL, VOL 1: CRYPTOCURR, FINTECH, INSURTECH, AND REGUL"
HANDBOOK OF BLOCKCHAIN DIGITAL FINANCE AND INCLUSION VOLUME 1 CRYPTOCURRENCY FINTECH INSURTECH AND REGULATION,"HANDB OF BLOCKCHAIN, DIGIT FINANC, AND INCL, VOL 1: CRYPTOCURR, FINTECH, INSURTECH, AND REGUL"
AMERICAS CONFERENCE ON INFORMATION SYSTEMS 2018 DIGITAL DISRUPTION AMCIS 2018,"AM CONF INFO SYST: DIGIT DISRUPT, AMCIS"
AMERICAS CONFERENCE ON INFORMATION SYSTEMS 2018 DIGITAL DISRUPTION AMCIS 2018,"AM CONF INFO SYST: DIGIT DISRUPT, AMCIS"
AMERICAS CONFERENCE ON INFORMATION SYSTEMS 2018 DIGITAL DISRUPTION AMCIS 2018,"AM CONF INFO SYST: DIGIT DISRUPT, AMCIS"
AMERICAS CONFERENCE ON INFORMATION SYSTEMS 2018 DIGITAL DISRUPTION AMCIS 2018,"AM CONF INFO SYST: DIGIT DISRUPT, AMCIS"
INVESTMENT MANAGEMENT AND FINANCIAL INNOVATIONS,INVESTM MANANGE FINANC INNOV
RUSSIAN JOURNAL OF CRIMINOLOGY,RUS J OF CRIM
BANKS AND BANK SYSTEMS,BANKS BANK SYST
PROCEEDINGS OF THE INTERNATIONAL CONFERENCE ON INDUSTRIAL ENGINEERING AND OPERATIONS MANAGEMENT,PROC INT CONF IND ENG OPER MANAGE
IFIP ADVANCES IN INFORMATION AND COMMUNICATION TECHNOLOGY,IFIP ADVANCES IN INFORMATION AND COMMUNICATION TECHNOLOGY
EUROPEAN RESEARCH STUDIES JOURNAL,EUR RES STUD
LECTURE NOTES IN COMPUTER SCIENCE INCLUDING SUBSERIES LECTURE NOTES IN ARTIFICIAL INTELLIGENCE AND LECTURE NOTES IN BIOINFORMATICS,LECT NOTES COMPUT SCI
MKWI 2018  MULTIKONFERENZ WIRTSCHAFTSINFORMATIK,MKWI - MULTIKONFERENZ WIRTSCHAFTSINFORMATIK
FINTECH AND THE REMAKING OF FINANCIAL INSTITUTIONS,FINTECH AND THE REMAKING OF FINANCIAL INSTITUTIONS
INTERNATIONAL JOURNAL OF ENGINEERING AND TECHNOLOGYUAE,INT J ENG TECHNOL
INTERNATIONAL JOURNAL OF ENGINEERING AND TECHNOLOGYUAE,INT J ENG TECHNOL
LAW AND CONTEMPORARY PROBLEMS,LAW CONTEMP PROBL
SPRINGER PROCEEDINGS IN MATHEMATICS AND STATISTICS,SPRINGER PROC MATH STAT
JOURNAL OF HIGH TECHNOLOGY MANAGEMENT RESEARCH,J HIGH TECHNOL MANAGE RES
CEUR WORKSHOP PROCEEDINGS,CEUR WORKSHOP PROC
JOURNAL OF ENGINEERING AND APPLIED SCIENCES,J ENG APPL SCI
INDUSTRIAL MANAGEMENT AND DATA SYSTEMS,IND MANAGE DATA SYS
UCLA LAW REVIEW,UCLA LAW REV
LECTURE NOTES IN COMPUTER SCIENCE INCLUDING SUBSERIES LECTURE NOTES IN ARTIFICIAL INTELLIGENCE AND LECTURE NOTES IN BIOINFORMATICS,LECT NOTES COMPUT SCI
INFORMATION AND COMPUTER SECURITY,INF COMPUT SECURITY
JOURNAL OF RISK FINANCE,J RISK FINANC
STRATEGIC DIRECTION,STRATEG DIR
ELECTRONIC COMMERCE RESEARCH AND APPLICATIONS,ELECT COMMER RES APPL
GLOBAL JURIST,GLOBAL JURIST
ICIC EXPRESS LETTERS PART B APPLICATIONS,ICIC EXPRESS LETT PART B APPL
HANDBOOK OF BLOCKCHAIN DIGITAL FINANCE AND INCLUSION,"HANDB OF BLOCKCHAIN, DIGIT FINANC, AND INCL"
BUSINESS HORIZONS,BUS HORIZ
CONTEMPORARY ECONOMICS,CONTEMP ECON
TURKISH ONLINE JOURNAL OF EDUCATIONAL TECHNOLOGY,TURK ONL J EDU TECH
FINANCIAL INNOVATION,FINANCIAL INNOV
FINANCIAL INNOVATION,FINANCIAL INNOV
JOURNAL OF PRIVATE EQUITY,J PRIV EQUITY
INFORMATION SYSTEMS RESEARCH,INF SYST RES
ECONOMICS LETTERS,ECON LETT
ACM INTERNATIONAL CONFERENCE PROCEEDING SERIES,ACM INT CONF PROC SER
IEEE POTENTIALS,IEEE POTENTIALS
IEEE POTENTIALS,IEEE POTENTIALS
BUSINESS HORIZONS,BUS HORIZ
JOURNAL OF COMPUTER VIROLOGY AND HACKING TECHNIQUES,J COMPUT VIROL HACKING TECH
ADVANCED SCIENCE LETTERS,ADV SCI LETT
INTERNATIONAL JOURNAL OF MACHINE LEARNING AND COMPUTING,INT J MACH LEARN COMPUT
CAPITAL MARKETS LAW JOURNAL,CAP MARK LAW J
COMMUNICATIONS OF THE ACM,COMMUN ACM
DIGITAL MARKETPLACES UNLEASHED,DIGIT MARKETPLACES UNLEASHED
DIGITAL MARKETPLACES UNLEASHED,DIGIT MARKETPLACES UNLEASHED
ELECTRONIC COMMERCE RESEARCH AND APPLICATIONS,ELECT COMMER RES APPL
ACM INTERNATIONAL CONFERENCE PROCEEDING SERIES,ACM INT CONF PROC SER
HANDBOOK OF BLOCKCHAIN DIGITAL FINANCE AND INCLUSION VOLUME 1 CRYPTOCURRENCY FINTECH INSURTECH AND REGULATION,"HANDB OF BLOCKCHAIN, DIGIT FINANC, AND INCL, VOL 1: CRYPTOCURR, FINTECH, INSURTECH, AND REGUL"
HANDBOOK OF BLOCKCHAIN DIGITAL FINANCE AND INCLUSION VOLUME 1 CRYPTOCURRENCY FINTECH INSURTECH AND REGULATION,"HANDB OF BLOCKCHAIN, DIGIT FINANC, AND INCL, VOL 1: CRYPTOCURR, FINTECH, INSURTECH, AND REGUL"
PROCEEDINGS OF THE ACMIEEE JOINT CONFERENCE ON DIGITAL LIBRARIES,PROC ACM IEEE JOINT CONF DIGIT LIBR
NEW POLITICAL ECONOMY,NEW POLIT ECON
LAW INNOVATION AND TECHNOLOGY,LAW INNOV TECHNOL
PROCEEDINGS  2017 4TH INTERNATIONAL CONFERENCE ON INFORMATION TECHNOLOGY COMPUTER AND ELECTRICAL ENGINEERING ICITACEE 2017,"PROC - INT CONF INF TECHNOL, COMPUT, ELECTR ENG, ICITACEE"
JOURNAL OF BUSINESS ECONOMICS,J BUS ECON
ELECTRONIC COMMERCE RESEARCH AND APPLICATIONS,ELECT COMMER RES APPL
ECONOMIST UNITED KINGDOM,ECONOMIST
ECONOMIST UNITED KINGDOM,ECONOMIST
INFORMATION SYSTEMS FRONTIERS,INF SYST FRONT
NEC TECHNICAL JOURNAL,NEC TECH J
NEC TECHNICAL JOURNAL,NEC TECH J
NEC TECHNICAL JOURNAL,NEC TECH J
NEC TECHNICAL JOURNAL,NEC TECH J
CUTTER BUSINESS TECHNOLOGY JOURNAL,CUTTER BUSINESS TECHNOLOGY JOURNAL
ENVIRONMENT AND PLANNING A,ENVIRON PLANN A
ASIAN JOURNAL OF LAW AND SOCIETY,ASIAN J LAW SOC
CUTTER BUSINESS TECHNOLOGY JOURNAL,CUTTER BUSINESS TECHNOLOGY JOURNAL
INTELLIGENT SYSTEMS IN ACCOUNTING FINANCE AND MANAGEMENT,INTELL SYST ACCOUNT FINANCE MANAG
INTERNATIONAL JOURNAL OF INFORMATION MANAGEMENT,INT J INF MANAGE
ECONOMIC AND POLITICAL WEEKLY,ECON POLIT WKLY
PROCEEDINGS OF 2016 IEEE ADVANCED INFORMATION MANAGEMENT COMMUNICATES ELECTRONIC AND AUTOMATION CONTROL CONFERENCE IMCEC 2016,"PROC IEEE ADV INF MANAG, COMMUN, ELECTRON AUTOM CONTROL CONF, IMCEC"
KSII TRANSACTIONS ON INTERNET AND INFORMATION SYSTEMS,KSII TRANS INTERNET INF SYST
ECONOMIST UNITED KINGDOM,ECONOMIST
JUSLETTER IT,JUSLETTER IT
INTERNATIONAL DATA PRIVACY LAW,INT DATA PRIVACY LAW
BUSINESS AND INFORMATION SYSTEMS ENGINEERING,BUSIN INFO SYS ENG
ECONOMIST UNITED KINGDOM,ECONOMIST
ECONOMIST UNITED KINGDOM,ECONOMIST
ECONOMIST UNITED KINGDOM,ECONOMIST
LAW AND FINANCIAL MARKETS REVIEW,LAW FINANC MARK REV
PROCEEDINGS OF THE 28TH AUSTRALASIAN CONFERENCE ON INFORMATION SYSTEMS ACIS 2017,"PROC AUSTRALAS CONF INF SYST, ACIS"
PROCEEDINGS OF THE INTERNATIONAL CONFERENCE ON ELECTRONIC BUSINESS ICEB,PROC INT CONF ELECTRON BUS (ICEB)
PROCEEDINGS OF THE INTERNATIONAL CONFERENCE ON ELECTRONIC BUSINESS ICEB,PROC INT CONF ELECTRON BUS (ICEB)
PROCEEDINGS OF THE INTERNATIONAL CONFERENCE ON ELECTRONIC BUSINESS ICEB,PROC INT CONF ELECTRON BUS (ICEB)
INFORMATION JAPAN,INFORMATION
JOURNAL OF ENGINEERING AND APPLIED SCIENCES,J ENG APPL SCI
LAW AND ECONOMICS YEARLY REVIEW,LAW ECON YRLY REV
LECTURE NOTES IN COMPUTER SCIENCE INCLUDING SUBSERIES LECTURE NOTES IN ARTIFICIAL INTELLIGENCE AND LECTURE NOTES IN BIOINFORMATICS,LECT NOTES COMPUT SCI
FINTECH IN GERMANY,FINTECH IN GER
FORESIGHT,FORESIGHT
EUROPEAN RESEARCH STUDIES JOURNAL,EUR RES STUD
LECTURE NOTES IN COMPUTER SCIENCE INCLUDING SUBSERIES LECTURE NOTES IN ARTIFICIAL INTELLIGENCE AND LECTURE NOTES IN BIOINFORMATICS,LECT NOTES COMPUT SCI
MASARYK UNIVERSITY JOURNAL OF LAW AND TECHNOLOGY,MASARYK UNIV J LAW TECHNOL
JOURNAL OF FINANCIAL REGULATION AND COMPLIANCE,J FINANC REGUL COMPLIANCE
NORTHWESTERN JOURNAL OF INTERNATIONAL LAW AND BUSINESS,NORTHWEST J INTL LAW BUS
QUALITY  ACCESS TO SUCCESS,QUAL ACCESS SUCCESS
EQUITY MARKETS IN TRANSITION THE VALUE CHAIN PRICE DISCOVERY REGULATION AND BEYOND,"EQUITY MARKETS IN TRANSITION: THE VALUE CHAIN, PRICE DISCOVERY, REGULATION, AND BEYOND"
IT PROFESSIONAL,IT PROF
LECTURE NOTES IN BUSINESS INFORMATION PROCESSING,LECT NOTES BUS INF PROCESS
LECTURE NOTES IN COMPUTER SCIENCE INCLUDING SUBSERIES LECTURE NOTES IN ARTIFICIAL INTELLIGENCE AND LECTURE NOTES IN BIOINFORMATICS,LECT NOTES COMPUT SCI
ADVANCES IN INTELLIGENT SYSTEMS AND COMPUTING,ADV INTELL SYS COMPUT
FINANCIAL INNOVATION,FINANCIAL INNOV
FINANCIAL INNOVATION,FINANCIAL INNOV
PROCEEDINGS OF THE 2016 IEEEACM INTERNATIONAL CONFERENCE ON ADVANCES IN SOCIAL NETWORKS ANALYSIS AND MINING ASONAM 2016,"PROC IEEE/ACM INT CONF ADV SOC NETW ANAL MIN, ASONAM"
CUTTER BUSINESS TECHNOLOGY JOURNAL,CUTTER BUSINESS TECHNOLOGY JOURNAL
JOURNAL OF RETAILING AND CONSUMER SERVICES,J RETAIL CONSUM SERV
CHINA ECONOMIC JOURNAL,CHINA ECON J
ACM INTERNATIONAL CONFERENCE PROCEEDING SERIES,ACM INT CONF PROC SER
ACM INTERNATIONAL CONFERENCE PROCEEDING SERIES,ACM INT CONF PROC SER
JOURNAL OF COMPUTER VIROLOGY AND HACKING TECHNIQUES,J COMPUT VIROL HACKING TECH
HITACHI REVIEW,HITACHI REV
PROCEEDINGS OF THE 2015 7TH INTERNATIONAL CONFERENCE OF SOFT COMPUTING AND PATTERN RECOGNITION SOCPAR 2015,"PROC INT CONF SOFT COMPUT PATTERN RECOGNIT, SOCPAR"
ASIAPACIFIC JOURNAL OF FINANCIAL STUDIES,ASIA-PAC J FINANC STUD
TELECOMMUNICATIONS POLICY,TELECOMMUN POLICY
INTERNATIONAL JOURNAL OF APPLIED ENGINEERING RESEARCH,INT J APPL ENG RES
KSII TRANSACTIONS ON INTERNET AND INFORMATION SYSTEMS,KSII TRANS INTERNET INF SYST
ECONOMIST UNITED KINGDOM,ECONOMIST
JOURNAL OF INNOVATION MANAGEMENT,J INNOV MANAG
PROCEEDINGS OF THE INTERNATIONAL CONFERENCE ON ELECTRONIC BUSINESS ICEB,PROC INT CONF ELECTRON BUS (ICEB)
2016 INTERNATIONAL CONFERENCE ON INFORMATION SYSTEMS ICIS 2016,"INT CONF INF SYST, ICIS"
INTERNATIONAL JOURNAL OF SECURITY AND ITS APPLICATIONS,INT J SECUR APPL
2016 INTERNATIONAL CONFERENCE ON INFORMATION SYSTEMS ICIS 2016,"INT CONF INF SYST, ICIS"
NEW ECONOMIC WINDOWS,NEW ECON WINDOWS
NEW ECONOMIC WINDOWS,NEW ECON WINDOWS
NEW ECONOMIC WINDOWS,NEW ECON WINDOWS
INTERNATIONAL JOURNAL OF SECURITY AND ITS APPLICATIONS,INT J SECUR APPL
CONTEMPORARY STUDIES IN ECONOMIC AND FINANCIAL ANALYSIS,CONTEMP STUD ECON FINANC ANAL
CEUR WORKSHOP PROCEEDINGS,CEUR WORKSHOP PROC
FOUNDATIONS OF MANAGEMENT,FOUND MANAG
FINANCIAL INNOVATION,FINANCIAL INNOV
NEC TECHNICAL JOURNAL,NEC TECH J
ELECTRONIC COMMERCE RESEARCH AND APPLICATIONS,ELECT COMMER RES APPL
LONDON BUSINESS SCHOOL REVIEW,LONDON BUS SCH REV
ECOLOGY ENVIRONMENT AND CONSERVATION,ECOL ENVIRON CONSERV
INTERNATIONAL JOURNAL OF APPLIED ENGINEERING RESEARCH,INT J APPL ENG RES
ECONOMIST UNITED KINGDOM,ECONOMIST
ECONOMIST UNITED KINGDOM,ECONOMIST
ECONOMIST UNITED KINGDOM,ECONOMIST
FORTUNE,FORTUNE
VANDERBILT LAW REVIEW,VANDERBILT LAW REV
FORTUNE,FORTUNE
FORBES,FORBES
JOURNAL OF NETWORK AND COMPUTER APPLICATIONS,J NETW COMPUT APPL
JOURNAL OF INVESTMENT MANAGEMENT,J INVEST MANAG
INTERNATIONAL JOURNAL OF TECHNOLOGY MANAGEMENT,INT J TECHNOL MANAGE
FORBES,FORBES
GEORGETOWN LAW JOURNAL,GEORGET LAW J
REVIEW OF BUSINESS,REV BUS
JOURNAL OF INVESTING,J INVEST
JURIDICAS CUC,JURID CUC
QUALITYACCESS TO SUCCESS,QUAL-ACCESS SUCCESS
JASSATHE FINSIA JOURNAL OF APPLIED FINANCE,JASSA
ENTREPRENEURSHIP AND SUSTAINABILITY ISSUES,ENTREP SUSTAIN ISS
IIUM LAW JOURNAL,IIUM LAW J
FORBES,FORBES
